-- phpMyAdmin SQL Dump
-- version 4.7.3
-- https://www.phpmyadmin.net/
--
-- Host: localhost:3306
-- Generation Time: Nov 02, 2017 at 01:55 PM
-- Server version: 5.6.37
-- PHP Version: 5.6.30

SET SQL_MODE = "NO_AUTO_VALUE_ON_ZERO";
SET AUTOCOMMIT = 0;
START TRANSACTION;
SET time_zone = "+00:00";


/*!40101 SET @OLD_CHARACTER_SET_CLIENT=@@CHARACTER_SET_CLIENT */;
/*!40101 SET @OLD_CHARACTER_SET_RESULTS=@@CHARACTER_SET_RESULTS */;
/*!40101 SET @OLD_COLLATION_CONNECTION=@@COLLATION_CONNECTION */;
/*!40101 SET NAMES utf8mb4 */;

--
-- Database: `qjfcweff_bkol`
--

-- --------------------------------------------------------

--
-- Table structure for table `ci_sessions`
--

CREATE TABLE `ci_sessions` (
  `session_id` varchar(40) NOT NULL DEFAULT '0',
  `ip_address` varchar(45) NOT NULL DEFAULT '0',
  `user_agent` varchar(120) NOT NULL,
  `last_activity` int(10) UNSIGNED NOT NULL DEFAULT '0',
  `user_data` text NOT NULL
) ENGINE=MyISAM DEFAULT CHARSET=latin1;

--
-- Dumping data for table `ci_sessions`
--

INSERT INTO `ci_sessions` (`session_id`, `ip_address`, `user_agent`, `last_activity`, `user_data`) VALUES
('aea2b94e4fbc86be7306ef08bd170058', '157.55.39.29', 'Mozilla/5.0 (compatible; bingbot/2.0; +http://www.bing.com/bingbot.htm)', 1508946781, ''),
('cd5265528ade45bdea7b62345fa5063f', '36.69.167.191', 'Mozilla/5.0 (Linux; Android 6.0.1; vivo 1606 Build/MMB29M) AppleWebKit/537.36 (KHTML, like Gecko) Chrome/60.0.3112.116 M', 1508945225, ''),
('ded52acc8b7ce7168be63f88e0e748bb', '64.233.173.133', 'Mozilla/5.0 (Linux; Android 6.0.1; vivo 1606 Build/MMB29M) AppleWebKit/537.36 (KHTML, like Gecko) Chrome/60.0.3112.116 M', 1508945222, ''),
('02bd3392bd9c3b9a641819ed1a478094', '64.233.173.134', 'Mozilla/5.0 (Linux; Android 6.0.1; vivo 1606 Build/MMB29M) AppleWebKit/537.36 (KHTML, like Gecko) Chrome/60.0.3112.116 M', 1508945184, ''),
('7522533e85ca4e54d22895d9873af088', '66.102.6.230', 'Mozilla/5.0 (Linux; Android 4.2.1; en-us; Nexus 5 Build/JOP40D) AppleWebKit/535.19 (KHTML, like Gecko; googleweblight) C', 1508945068, ''),
('9a83f30a53e9b37f43f16b2430fd28d6', '66.102.6.234', 'Mozilla/5.0 (Linux; Android 4.2.1; en-us; Nexus 5 Build/JOP40D) AppleWebKit/535.19 (KHTML, like Gecko; googleweblight) C', 1508945042, ''),
('566a3856e5f5a96e920535eaac375cb4', '66.102.6.232', 'Mozilla/5.0 (Linux; Android 4.2.1; en-us; Nexus 5 Build/JOP40D) AppleWebKit/535.19 (KHTML, like Gecko; googleweblight) C', 1508945039, ''),
('ffbd7cc587a1c649525c8d3adfe198f2', '66.102.7.158', 'Mozilla/5.0 (Linux; Android 4.2.1; en-us; Nexus 5 Build/JOP40D) AppleWebKit/535.19 (KHTML, like Gecko; googleweblight) C', 1508945036, ''),
('45434abf204ad9ed903fe11e76953e33', '66.102.6.230', 'Mozilla/5.0 (Linux; Android 4.2.1; en-us; Nexus 5 Build/JOP40D) AppleWebKit/535.19 (KHTML, like Gecko; googleweblight) C', 1508945039, ''),
('0f7f4a06182df5387700a6afbb2c1940', '66.102.6.234', 'Mozilla/5.0 (Linux; Android 4.2.1; en-us; Nexus 5 Build/JOP40D) AppleWebKit/535.19 (KHTML, like Gecko; googleweblight) C', 1508945045, ''),
('a174fd595c3263fec13d61baf635892e', '66.102.6.234', 'Mozilla/5.0 (Linux; Android 4.2.1; en-us; Nexus 5 Build/JOP40D) AppleWebKit/535.19 (KHTML, like Gecko; googleweblight) C', 1508945064, ''),
('619b7b0363f5ee7cead325eb29fd5b8c', '66.102.6.230', 'Mozilla/5.0 (Linux; Android 4.2.1; en-us; Nexus 5 Build/JOP40D) AppleWebKit/535.19 (KHTML, like Gecko; googleweblight) C', 1508942920, ''),
('180332efeac3f11d3e733e47d11c4569', '112.215.151.243', 'Mozilla/5.0 (Linux; Android 5.1.1; A37f Build/LMY47V) AppleWebKit/537.36 (KHTML, like Gecko) Chrome/61.0.3163.98 Mobile ', 1508942658, ''),
('a71d93332a96c0cf4bbc9d5cb03bea85', '66.102.6.230', 'Mozilla/5.0 (Linux; Android 4.2.1; en-us; Nexus 5 Build/JOP40D) AppleWebKit/535.19 (KHTML, like Gecko; googleweblight) C', 1508942914, ''),
('62fb82de79b4fbfb27b91ed569db085f', '66.102.6.232', 'Mozilla/5.0 (Linux; Android 4.2.1; en-us; Nexus 5 Build/JOP40D) AppleWebKit/535.19 (KHTML, like Gecko; googleweblight) C', 1508942915, ''),
('d37f015eefef2e0e27667982e09352b6', '66.249.79.89', 'Mozilla/5.0 (compatible; Googlebot/2.1; +http://www.google.com/bot.html)', 1508942423, ''),
('5879c88d1758ea9a88900b26affcdd51', '66.249.71.154', 'Mozilla/5.0 (compatible; Googlebot/2.1; +http://www.google.com/bot.html)', 1508942422, ''),
('b6c03d6fb15a67e0572023d3d0798a7e', '66.249.79.91', 'Mozilla/5.0 (compatible; Googlebot/2.1; +http://www.google.com/bot.html)', 1508948557, ''),
('c77638ae328d29d2091cf72e8ecc6e72', '66.102.8.137', 'Mozilla/5.0 (Linux; Android 4.2.1; en-us; Nexus 5 Build/JOP40D) AppleWebKit/535.19 (KHTML, like Gecko; googleweblight) C', 1508945066, ''),
('d3bde5a568ccfae0bc13b10b352ccd11', '66.102.6.234', 'Mozilla/5.0 (Linux; Android 4.2.1; en-us; Nexus 5 Build/JOP40D) AppleWebKit/535.19 (KHTML, like Gecko; googleweblight) C', 1508945064, ''),
('81363ef4d00ed238f92274a9a180262c', '66.249.79.87', 'Mozilla/5.0 (compatible; Googlebot/2.1; +http://www.google.com/bot.html)', 1508948517, ''),
('4337166e4e858f5032a4e2c82e002324', '66.102.8.139', 'Mozilla/5.0 (Linux; Android 4.2.1; en-us; Nexus 5 Build/JOP40D) AppleWebKit/535.19 (KHTML, like Gecko; googleweblight) C', 1508942920, ''),
('456f96beb8a2491de3d467a046d721b3', '66.102.6.232', 'Mozilla/5.0 (Linux; Android 4.2.1; en-us; Nexus 5 Build/JOP40D) AppleWebKit/535.19 (KHTML, like Gecko; googleweblight) C', 1508942925, 'a:3:{s:9:\"user_data\";s:0:\"\";s:8:\"fromdate\";N;s:6:\"todate\";N;}'),
('e2e3a3310dc25870b2924cdba6eafb15', '66.102.6.230', 'Mozilla/5.0 (Linux; Android 4.2.1; en-us; Nexus 5 Build/JOP40D) AppleWebKit/535.19 (KHTML, like Gecko; googleweblight) C', 1508942925, 'a:3:{s:9:\"user_data\";s:0:\"\";s:8:\"fromdate\";N;s:6:\"todate\";N;}'),
('6255076b0edae2b19993e8ddea970d21', '66.102.6.232', 'Mozilla/5.0 (Linux; Android 4.2.1; en-us; Nexus 5 Build/JOP40D) AppleWebKit/535.19 (KHTML, like Gecko; googleweblight) C', 1508942929, ''),
('6fb5dee6d4a4f7c2fec276df164f8416', '66.102.8.139', 'Mozilla/5.0 (Linux; Android 4.2.1; en-us; Nexus 5 Build/JOP40D) AppleWebKit/535.19 (KHTML, like Gecko; googleweblight) C', 1508942930, ''),
('5244e09344eb70119cc87308bcf049e8', '66.102.6.230', 'Mozilla/5.0 (Linux; Android 4.2.1; en-us; Nexus 5 Build/JOP40D) AppleWebKit/535.19 (KHTML, like Gecko; googleweblight) C', 1508942932, ''),
('29db46a25b07b833ffb45d101dffc0eb', '66.102.6.234', 'Mozilla/5.0 (Linux; Android 4.2.1; en-us; Nexus 5 Build/JOP40D) AppleWebKit/535.19 (KHTML, like Gecko; googleweblight) C', 1508942932, ''),
('7c14dfaf1f5ee947dadde9bcd86140c5', '66.102.6.232', 'Mozilla/5.0 (Linux; Android 4.2.1; en-us; Nexus 5 Build/JOP40D) AppleWebKit/535.19 (KHTML, like Gecko; googleweblight) C', 1508944811, ''),
('605d841777f418b39382739a9715a539', '66.102.6.230', 'Mozilla/5.0 (Linux; Android 4.2.1; en-us; Nexus 5 Build/JOP40D) AppleWebKit/535.19 (KHTML, like Gecko; googleweblight) C', 1508944814, ''),
('5da4543195c255e84dfc0731528f5362', '66.102.7.158', 'Mozilla/5.0 (Linux; Android 4.2.1; en-us; Nexus 5 Build/JOP40D) AppleWebKit/535.19 (KHTML, like Gecko; googleweblight) C', 1508945029, 'a:3:{s:9:\"user_data\";s:0:\"\";s:8:\"fromdate\";N;s:6:\"todate\";N;}'),
('85e352d6ebe53e6999c15bdce8af13aa', '66.102.6.230', 'Mozilla/5.0 (Linux; Android 4.2.1; en-us; Nexus 5 Build/JOP40D) AppleWebKit/535.19 (KHTML, like Gecko; googleweblight) C', 1508945029, 'a:3:{s:9:\"user_data\";s:0:\"\";s:8:\"fromdate\";N;s:6:\"todate\";N;}'),
('14098004131ddf541bfba740078faf9e', '66.102.7.157', 'Mozilla/5.0 (Linux; Android 4.2.1; en-us; Nexus 5 Build/JOP40D) AppleWebKit/535.19 (KHTML, like Gecko; googleweblight) C', 1508945036, ''),
('ff50ff18cc1a7cc905f1935236500bc1', '66.102.7.158', 'Mozilla/5.0 (Linux; Android 4.2.1; en-us; Nexus 5 Build/JOP40D) AppleWebKit/535.19 (KHTML, like Gecko; googleweblight) C', 1508945036, '');

-- --------------------------------------------------------

--
-- Table structure for table `msagama`
--

CREATE TABLE `msagama` (
  `IDAgama` char(6) NOT NULL,
  `NamaAgama` varchar(50) NOT NULL
) ENGINE=MyISAM DEFAULT CHARSET=latin1;

--
-- Dumping data for table `msagama`
--

INSERT INTO `msagama` (`IDAgama`, `NamaAgama`) VALUES
('000001', 'Islam'),
('000002', 'Katholik'),
('000003', 'Protestan'),
('000004', 'Hindu'),
('000005', 'Budha');

-- --------------------------------------------------------

--
-- Table structure for table `msaktivasi`
--

CREATE TABLE `msaktivasi` (
  `IDAktivasi` char(6) NOT NULL,
  `IDPencaker` char(6) NOT NULL,
  `RegisterDate` datetime NOT NULL
) ENGINE=MyISAM DEFAULT CHARSET=latin1;

--
-- Dumping data for table `msaktivasi`
--

INSERT INTO `msaktivasi` (`IDAktivasi`, `IDPencaker`, `RegisterDate`) VALUES
('000001', '000177', '2013-08-16 15:14:17');

-- --------------------------------------------------------

--
-- Table structure for table `msbahasa`
--

CREATE TABLE `msbahasa` (
  `IDBahasa` char(6) NOT NULL,
  `IDPencaker` char(6) NOT NULL,
  `NamaBahasa` varchar(45) NOT NULL
) ENGINE=MyISAM DEFAULT CHARSET=latin1;

--
-- Dumping data for table `msbahasa`
--

INSERT INTO `msbahasa` (`IDBahasa`, `IDPencaker`, `NamaBahasa`) VALUES
('000046', '000001', 'Inggris'),
('000045', '000001', 'Indonesia'),
('000003', '000009', 'Inggris'),
('000004', '000009', 'Indonesia'),
('000005', '000165', 'Indonesia'),
('000006', '000165', 'Inggris'),
('000007', '000165', 'BAHASA JAWA'),
('000008', '000058', 'Indonesia'),
('000009', '000201', 'Indonesia'),
('000010', '000201', 'Inggris'),
('000011', '000213', 'Indonesia'),
('000012', '000213', 'Inggris'),
('000013', '000213', 'Mandarin'),
('000014', '000028', 'Inggris'),
('000015', '000028', 'Jepang'),
('000016', '000231', 'Inggris'),
('000017', '000222', 'Indonesia'),
('000018', '000242', 'Indonesia'),
('000019', '000242', 'Inggris'),
('000020', '000238', 'Indonesia'),
('000021', '000254', 'Indonesia'),
('000022', '000254', 'Sunda'),
('000023', '000253', 'Indonesia'),
('000024', '000253', 'Inggris'),
('000025', '000253', 'Arab'),
('000026', '000260', 'Indonesia'),
('000027', '000260', 'Inggris'),
('000028', '000301', 'Indonesia'),
('000029', '000285', 'Indonesia'),
('000030', '000291', 'Indonesia'),
('000031', '000332', 'Indonesia'),
('000032', '000329', 'Inggris'),
('000033', '000333', 'Indonesia'),
('000034', '000342', 'Indonesia'),
('000035', '000342', 'Inggris'),
('000036', '000348', 'Inggris'),
('000037', '000348', 'Indonesia'),
('000038', '000359', 'Inggris'),
('000039', '000370', 'Inggris'),
('000040', '000372', 'Indonesia'),
('000041', '000375', 'Inggris'),
('000042', '000383', 'Indonesia'),
('000043', '000389', 'Inggris'),
('000044', '000389', 'arab (pasif)'),
('000047', '000009', 'Ibrani');

-- --------------------------------------------------------

--
-- Table structure for table `msberita`
--

CREATE TABLE `msberita` (
  `IDBerita` char(6) NOT NULL,
  `TglBerita` date NOT NULL,
  `JudulBerita` varchar(50) NOT NULL,
  `IsiBerita` text NOT NULL
) ENGINE=MyISAM DEFAULT CHARSET=latin1;

-- --------------------------------------------------------

--
-- Table structure for table `msbidangperusahaan`
--

CREATE TABLE `msbidangperusahaan` (
  `IDBidangPerusahaan` char(6) NOT NULL,
  `NamaBidangPerusahaan` varchar(50) NOT NULL
) ENGINE=MyISAM DEFAULT CHARSET=latin1;

--
-- Dumping data for table `msbidangperusahaan`
--

INSERT INTO `msbidangperusahaan` (`IDBidangPerusahaan`, `NamaBidangPerusahaan`) VALUES
('000001', 'OTOMOTIF'),
('000002', 'FUNITURE'),
('000003', 'TEXTILE'),
('000005', 'RENTAL MOBIL'),
('000006', 'RENTAL PULSA'),
('000007', 'PANEL LISTRIK'),
('000009', 'INDUSTRI PENGOLAHAN'),
('000011', 'JASA PENGIRIMAN'),
('000012', 'PERDAGANGAN'),
('000015', 'PERBANKAN'),
('000016', 'GARMENT'),
('000017', 'SOSIAL KEMASYARAKATAN'),
('000018', 'ELEKTRONomorIndukPencaker'),
('000021', 'PROPERTI'),
('000022', 'JASA PENGENDALIAN HAMA'),
('000023', 'OLEO CHEMICAL'),
('000024', 'PEMBIAYAAN'),
('000025', 'PELAYANAN PERPARKIRAN'),
('000026', 'SUPERVISOR'),
('000027', 'PENDIDIKAN'),
('000028', 'PENGOLAHAN MAKANAN DAN MINUMAN'),
('000031', 'MANUFACTURING'),
('000032', 'JASA CATHERING'),
('000033', 'PERTAMBANGAN'),
('000034', 'PEMERINTAHAN'),
('000035', 'KESEHATAN'),
('000036', 'ASURANSI'),
('000037', 'JASA KEUANGAN'),
('000038', 'RETAIL'),
('000039', 'EKSPEDISI'),
('000040', 'PJTKI'),
('000041', 'PENGOLAHAN KIMIA'),
('000042', 'MASANGGER'),
('000043', 'SPBU'),
('000044', 'PEMBUATAN SEPATU'),
('000045', 'INDUSTRI');

-- --------------------------------------------------------

--
-- Table structure for table `msevent`
--

CREATE TABLE `msevent` (
  `IDEvent` char(6) NOT NULL,
  `TglEvent` date NOT NULL,
  `JudulEvent` varchar(50) NOT NULL,
  `IsiEvent` text NOT NULL
) ENGINE=MyISAM DEFAULT CHARSET=latin1;

-- --------------------------------------------------------

--
-- Table structure for table `msjenislowongan`
--

CREATE TABLE `msjenislowongan` (
  `IDJenisLowongan` char(6) NOT NULL,
  `NamaJenisLowongan` varchar(45) NOT NULL
) ENGINE=MyISAM DEFAULT CHARSET=latin1;

--
-- Dumping data for table `msjenislowongan`
--

INSERT INTO `msjenislowongan` (`IDJenisLowongan`, `NamaJenisLowongan`) VALUES
('000001', 'Computer / IT'),
('000002', 'Accounting / Finance'),
('000003', 'Sales / Marketing'),
('000004', 'Admin / HR'),
('000005', 'Engineering'),
('000006', 'Manufacturing'),
('000007', 'Building / Construction'),
('000008', 'Hotel / Restaurant'),
('000009', 'Education / Trainer'),
('000010', 'Arts / Media / Comm'),
('000011', 'Services'),
('000012', 'Sciences'),
('000013', 'Caddy'),
('000014', 'Management Trainee'),
('000015', 'Driver'),
('000016', 'MARKETING EXPORT'),
('000017', 'SUPERVISOR'),
('000018', 'STAFF PENGAJAR'),
('000019', 'Produksi'),
('000020', 'Manajer'),
('000021', 'PERTAMBANGAN'),
('000022', 'TEKNISI'),
('000023', 'Kepala Unit Produksi'),
('000024', 'Security'),
('000025', 'STAFF ADMINISTRASI'),
('000026', 'STAFF PEMASARAN'),
('000027', 'STAFF ACCOUNTING'),
('000028', 'STAFF IT'),
('000029', 'Programer'),
('000030', 'Koordinator'),
('000032', 'KESEHATAN'),
('000033', 'Purchasing'),
('000034', 'Safety'),
('000035', 'Project'),
('000036', 'Staf Gudang'),
('000037', 'Waitress'),
('999999', 'Lainnya');

-- --------------------------------------------------------

--
-- Table structure for table `msjenispengupahan`
--

CREATE TABLE `msjenispengupahan` (
  `IDJenisPengupahan` char(6) NOT NULL,
  `NamaJenisPengupahan` varchar(45) NOT NULL
) ENGINE=MyISAM DEFAULT CHARSET=latin1;

--
-- Dumping data for table `msjenispengupahan`
--

INSERT INTO `msjenispengupahan` (`IDJenisPengupahan`, `NamaJenisPengupahan`) VALUES
('000001', 'Borongan'),
('000002', 'Harian'),
('000003', 'Mingguan'),
('000004', 'Bulanan');

-- --------------------------------------------------------

--
-- Table structure for table `msjenisuser`
--

CREATE TABLE `msjenisuser` (
  `IDJenisUser` char(6) NOT NULL,
  `NamaJenisUser` varchar(45) NOT NULL
) ENGINE=MyISAM DEFAULT CHARSET=latin1;

--
-- Dumping data for table `msjenisuser`
--

INSERT INTO `msjenisuser` (`IDJenisUser`, `NamaJenisUser`) VALUES
('000000', 'Admin'),
('000001', 'Perusahaan'),
('000002', 'Pencari Kerja');

-- --------------------------------------------------------

--
-- Table structure for table `msjurusan`
--

CREATE TABLE `msjurusan` (
  `IDjurusan` char(6) NOT NULL,
  `IDTingkatPendidikan` char(6) NOT NULL,
  `Jurusan` varchar(50) NOT NULL
) ENGINE=MyISAM DEFAULT CHARSET=utf8;

--
-- Dumping data for table `msjurusan`
--

INSERT INTO `msjurusan` (`IDjurusan`, `IDTingkatPendidikan`, `Jurusan`) VALUES
('000001', '000001', 'HUKUM KEPERDATAAN'),
('000002', '000001', 'PAKET C - IPS'),
('000003', '000001', 'SPG'),
('000004', '000001', 'TIDAK TAMAT SD'),
('000005', '000010', 'PEND. AGAMA ISLAM'),
('000006', '000010', 'PENDIDIKAN'),
('000007', '000010', 'PENDIDIKAN BAHASA INGGRIS'),
('000008', '000010', 'PENDIDIKAN BAHASA JEPANG'),
('000009', '000010', 'PGSD'),
('000010', '000005', 'ACCOUNTING KOMPUTER'),
('000011', '000005', 'ADMINISTRASI KEUANGAN'),
('000012', '000005', 'ADMINISTRASI PERKANTORAN'),
('000013', '000005', 'AHLI GIZI'),
('000014', '000005', 'ANALIS KOMPUTER'),
('000015', '000005', 'ANTROPOLOGI'),
('000016', '000005', 'BAHASA ARAB'),
('000017', '000005', 'BAHASA INDONESIA'),
('000018', '000005', 'BAHASA INGGRIS'),
('000019', '000005', 'BEA CUKAI'),
('000020', '000005', 'BIOLOGI'),
('000021', '000005', 'BISNIS MANAJEMEN'),
('000022', '000005', 'DIPLOMA I/AKTA I LAINNYA'),
('000023', '000005', 'EKONOMI'),
('000024', '000005', 'FOOD/ BAVARAGE'),
('000025', '000005', 'GEOGRAFI'),
('000026', '000005', 'HUKUM'),
('000027', '000005', 'ILMU KIMIA'),
('000028', '000005', 'ILMU KOMPUTER'),
('000029', '000005', 'INFORMATIKA KOMPUTER'),
('000030', '000005', 'IPA/FISIKA'),
('000031', '000005', 'IPS'),
('000032', '000005', 'KEPABEANAN DAN CUKAI'),
('000033', '000005', 'KERJA KAYU'),
('000034', '000005', 'KESEHATAN'),
('000035', '000005', 'KESEKRETARIATAN'),
('000036', '000005', 'KESENIAN'),
('000037', '000005', 'KETRAMPILAN'),
('000038', '000005', 'KOMPUTER & ADMINISTRASI BISNIS'),
('000039', '000005', 'KOMPUTER AKUNTANSI'),
('000040', '000005', 'MANAJEMEN FARMASI'),
('000041', '000005', 'MANAJEMEN INFORMATIKA'),
('000042', '000005', 'MATEMATIKA'),
('000043', '000005', 'METEOROLOGI'),
('000044', '000005', 'OLAH RAGA KESEHATAN'),
('000045', '000005', 'PARIWISATA'),
('000046', '000005', 'PENDIDIKAN KESEJAHTERAAN SOSIAL'),
('000047', '000005', 'PENDIDIKAN LUAR SEKOLAH'),
('000048', '000005', 'PENDIDIKAN MORAL PANCASILA'),
('000049', '000005', 'PERBANKAN'),
('000050', '000005', 'PERHOTELAN'),
('000051', '000005', 'PGTK'),
('000052', '000005', 'PROGRAM KOMPUTER'),
('000053', '000005', 'PSIKOLOGI'),
('000054', '000005', 'SEJARAH'),
('000055', '000005', 'SEKRETARIS'),
('000056', '000005', 'TEKNIK INFORMATIKA'),
('000057', '000005', 'TEKNIK LISTRIK'),
('000058', '000005', 'TEKNIK MESIN'),
('000059', '000005', 'TEKNIK SIPIL'),
('000060', '000005', 'TEKNOLOGI TRANFUSI DARAH'),
('000061', '000006', 'ADMINISTRASI'),
('000062', '000006', 'AKUTANSI'),
('000063', '000006', 'ANTROPOLOGI'),
('000064', '000006', 'APPLIKASION DEVLOPINENT PROFESIONAL'),
('000065', '000006', 'BAHASA ARAB'),
('000066', '000006', 'BAHASA INDONESIA'),
('000067', '000006', 'BAHASA INGGRIS'),
('000068', '000006', 'BIOLOGI'),
('000069', '000006', 'DII LAINNYA'),
('000070', '000006', 'EKONOMI'),
('000071', '000006', 'GEOGRAFI'),
('000072', '000006', 'HUKUM'),
('000073', '000006', 'IPA'),
('000074', '000006', 'KERJA KAYU'),
('000075', '000006', 'KESEKRETARIATAN'),
('000076', '000006', 'KESENIAN'),
('000077', '000006', 'KETRAMPILAN'),
('000078', '000006', 'KIMIA'),
('000079', '000006', 'KOMPUTER AKUNTANSI'),
('000080', '000006', 'MARKETING'),
('000081', '000006', 'MATEMATIKA'),
('000082', '000006', 'OFFICE MANAGEMENT'),
('000083', '000006', 'OLAH RAGA'),
('000084', '000006', 'PEND. GURU MAGRASAH IBTIDAIYAH / SD'),
('000085', '000006', 'PEND. GURU TAMAN KANAK-KANAK'),
('000086', '000006', 'PENDIDIKAN'),
('000087', '000006', 'PENDIDIKAN AGAMA ISLAM'),
('000088', '000006', 'PENDIDIKAN KESEJAHTERAAN KELUARGA'),
('000089', '000006', 'PENDIDIKAN LUAR SEKOLAH'),
('000090', '000006', 'PENDIDIKAN MORAL PANCASILA'),
('000091', '000006', 'PENDIDIKAN SOSIAL'),
('000092', '000006', 'PENGUJIAN KENDARAAN BERMOTOR'),
('000093', '000006', 'PGSD'),
('000094', '000006', 'PGTK'),
('000095', '000006', 'PSIKOLOGI'),
('000096', '000006', 'SEJARAH'),
('000097', '000006', 'TAK TERDEFINISI'),
('000098', '000006', 'TEKNIK LISTRIK'),
('000099', '000006', 'TEKNIK MESIN'),
('000100', '000006', 'TEKNIK SIPIL'),
('000101', '000006', 'TRANSFORTASI DARAT'),
('000102', '000007', 'ADM PERKANTORAN & SEKRETARIS'),
('000103', '000007', 'ADMINISTRASI'),
('000104', '000007', 'ADMINISTRASI BISNIS'),
('000105', '000007', 'ADMINISTRASI KEUANGAN'),
('000106', '000007', 'ADMINISTRASI PENDIDIKAN'),
('000107', '000007', 'ADMINISTRASI PERKANTORAN'),
('000108', '000007', 'ADMINISTRASI PERPAJAKAN'),
('000109', '000007', 'AERONAUTIKA'),
('000110', '000007', 'AKUNTANSI'),
('000111', '000007', 'AKUNTANSI PERPAJAKAN'),
('000112', '000007', 'ANAK BUAH KAPAL DAN TEKNISI PELAYARAN'),
('000113', '000007', 'ANALIS FARMASI & MAKANAN'),
('000114', '000007', 'ANALIS KESEHATAN'),
('000115', '000007', 'ANALISA PRODUK'),
('000116', '000007', 'ANALISIS KIMIA'),
('000117', '000007', 'ANALYST'),
('000118', '000007', 'ANASTESI'),
('000119', '000007', 'ANTROPOLOGI'),
('000120', '000007', 'APOTEKER'),
('000121', '000007', 'ARKEOLOGI'),
('000122', '000007', 'ARSITEKTUR'),
('000123', '000007', 'ASTRONOMI'),
('000124', '000007', 'BAHASA ARAB'),
('000125', '000007', 'BAHASA BELANDA'),
('000126', '000007', 'BAHASA CINA'),
('000127', '000007', 'BAHASA DAERAH'),
('000128', '000007', 'BAHASA INDONESIA'),
('000129', '000007', 'BAHASA INGGRIS'),
('000130', '000007', 'BAHASA JEPANG'),
('000131', '000007', 'BAHASA JERMAN'),
('000132', '000007', 'BAHASA PERANCIS'),
('000133', '000007', 'BAHASA RUSIA'),
('000134', '000007', 'BAHSA BELANDA'),
('000135', '000007', 'BAHSA INDONESIA'),
('000136', '000007', 'BAHSA JEPANG'),
('000137', '000007', 'BIMBINGAN DAN PENYULUHAN'),
('000138', '000007', 'BIOLOGI'),
('000139', '000007', 'BIOLOGI/ILMU HAYAT'),
('000140', '000007', 'BISNIS INTERNASIONAL'),
('000141', '000007', 'DIII LAINYA'),
('000142', '000007', 'EKONOMI'),
('000143', '000007', 'EKONOMI PERTANIAN'),
('000144', '000007', 'FARMASI'),
('000145', '000007', 'FILSAFAT'),
('000146', '000007', 'FISIKA'),
('000147', '000007', 'FISIKA TEKNIK'),
('000148', '000007', 'FISIOTERAPI'),
('000149', '000007', 'GEOGRAFI'),
('000150', '000007', 'GEOGRAPI'),
('000151', '000007', 'GEOLOGI DAN PERTAMBANGAN'),
('000152', '000007', 'GIZI'),
('000153', '000007', 'HASIL PERTANIAN'),
('000154', '000007', 'HIPERKES DAN KESELAMATAN KERJA'),
('000155', '000007', 'HORTIKULTURA'),
('000156', '000007', 'HOTEL, RESTORAN DAN PARAWISATA'),
('000157', '000007', 'HUBUNGAN MASYARAKAT'),
('000158', '000007', 'HUKUM'),
('000159', '000007', 'ILMU KEBIDANAN'),
('000160', '000007', 'ILMU KIMIA'),
('000161', '000007', 'ILMU KOMPUTER'),
('000162', '000007', 'ILMU KOMUNIKASI'),
('000163', '000007', 'ILMU KOMUNIKASI MASSA'),
('000164', '000007', 'ILMU PASTI/ALAM LAINNYA'),
('000165', '000007', 'ILMU POLITIK'),
('000166', '000007', 'ILMU STATISTIK'),
('000167', '000007', 'ILMU TANAH DAN AIR'),
('000168', '000007', 'IPS/BUDAYA LAINNYA'),
('000169', '000007', 'KEAGAMAAN DAN ILMU KETUHANAN (IAIN)'),
('000170', '000007', 'KEARSIPAN'),
('000171', '000007', 'KEBAHASAAN'),
('000172', '000007', 'KEBIDANAN'),
('000173', '000007', 'KEDOKTERAN GIGI'),
('000174', '000007', 'KEDOKTERAN HEWAN'),
('000175', '000007', 'KEDOKTERAN UMUM'),
('000176', '000007', 'KEHUTANAN'),
('000177', '000007', 'KEJURUAN'),
('000178', '000007', 'KEPERAWATAN'),
('000179', '000007', 'KEPERAWATAN GIGI'),
('000180', '000007', 'KESEHATAN GIGI'),
('000181', '000007', 'KESEHATAN LAINNYA'),
('000182', '000007', 'KESEHATAN LINGKUNGAN'),
('000183', '000007', 'KESEHATAN MASYARAKAT'),
('000184', '000007', 'KESEJAHTERAAN KELUARGA'),
('000185', '000007', 'KESEKRETARIATAN'),
('000186', '000007', 'KESENIAN'),
('000187', '000007', 'KETRAMPILAN'),
('000188', '000007', 'KEUANGAN DAN PAJAK'),
('000189', '000007', 'KEUANGAN DAN PERBANKAN'),
('000190', '000007', 'KIMIA'),
('000191', '000007', 'KIMIA ANALIS'),
('000192', '000007', 'KOMPUTER AKUNTANSI'),
('001134', '000004', 'SMK-PERIKANAN'),
('000194', '000007', 'KOMUNIKASI'),
('000195', '000007', 'KOMUNIKASI BROADCASTING'),
('000196', '000007', 'KONSTRUKSI'),
('000197', '000007', 'KURIKULUM'),
('000198', '000007', 'LALU LINTAS DAN ANGKUTAN JALAN'),
('000199', '000007', 'MANAJEMEN'),
('000200', '000007', 'MANAJEMEN ADMINISTRASI'),
('000201', '000007', 'MANAJEMEN ADMINISTRASI RUMAH SAKIT'),
('000202', '000007', 'MANAJEMEN INDUSTRI'),
('000203', '000007', 'MANAJEMEN INFORMASI'),
('000204', '000007', 'MANAJEMEN INFORMASI KESEHATAN DAN REKAM MEDIS'),
('000205', '000007', 'MANAJEMEN INFORMATIKA'),
('000206', '000007', 'MANAJEMEN INFORMATIKA DAN KOMPUTER'),
('000207', '000007', 'MANAJEMEN KEUANGAN'),
('000208', '000007', 'MANAJEMEN PARIWISATA'),
('000209', '000007', 'MANAJEMEN PELAYANAN RUMAH SAKIT'),
('000210', '000007', 'MANAJEMEN PEMASARAN'),
('000211', '000007', 'MANAJEMEN PERKANTORAN'),
('000212', '000007', 'MANAJEMEN PERPAJAKAN'),
('000213', '000007', 'MANAJEMEN PERUSAHAAN'),
('000214', '000007', 'MATEMATIK'),
('000215', '000007', 'MATEMATIKA'),
('000216', '000007', 'METEOROLOGI DAN GEOFISIKA'),
('000217', '000007', 'OLAH RAGA'),
('000218', '000007', 'OTOMASI SISTEM INSTRUMENTASI'),
('000219', '000007', 'PEMASARAN'),
('000220', '000007', 'PEMBUATAN PERALATAN & PERKAKAS PRODUKSI'),
('000221', '000007', 'PENATA RONTGEN'),
('000222', '000007', 'PEND. KIMIA'),
('000223', '000007', 'PEND. SENI RUPA'),
('000224', '000007', 'PEND. SENI TARI'),
('000225', '000007', 'PENDIDIKAN'),
('000226', '000007', 'PENDIDIKAN AGAMA'),
('000227', '000007', 'PENDIDIKAN KESEJAHTERAAN SOSIAL'),
('000228', '000007', 'PENDIDIKAN LUAR SEKOLAH'),
('000229', '000007', 'PENDIDIKAN MORAL PANCASILA'),
('000230', '000007', 'PENDIDIKAN SOSIAL'),
('000231', '000007', 'PENERBITAN'),
('000232', '000007', 'PENGOLAH GULA'),
('000233', '000007', 'PENILIK KESEHATAN/HYGINE/GIZI'),
('000234', '000007', 'PENYIARAN'),
('000235', '000007', 'PERAWAT'),
('000236', '000007', 'PEREKAM DAN INFORMASI KESEHATAN'),
('000237', '000007', 'PERENCANAAN INTERIOR'),
('000238', '000007', 'PERHOTELAN'),
('000239', '000007', 'PERHUBUNGAN TRANSPORTASI'),
('000240', '000007', 'PERIKANAN'),
('000241', '000007', 'PERIKLANAN/ADVERTISING'),
('000242', '000007', 'PERKERETAAPIAN'),
('000243', '000007', 'PERPAJAKAN'),
('000244', '000007', 'PERPUSTAKAAN'),
('000245', '000007', 'PERTANAHAN'),
('000246', '000007', 'PERTANIAN LAINNYA'),
('000247', '000007', 'PERTANIAN UMUM'),
('000248', '000007', 'PERUMAHSAKITAN'),
('000249', '000007', 'PETERNAKAN'),
('000250', '000007', 'PLANOLOGI'),
('000251', '000007', 'POS DAN TELEKOMUNIKASI'),
('000252', '000007', 'PSIKOLOGI'),
('000253', '000007', 'PUBLIK RELATION'),
('000254', '000007', 'PUBLISTIK/PENERANGAN'),
('000255', '000007', 'RADIOLOGI'),
('000256', '000007', 'REFRAKSI OPTISI'),
('000257', '000007', 'REKAM MEDIS'),
('000258', '000007', 'SEJARAH'),
('000259', '000007', 'SEKRETARIS'),
('000260', '000007', 'SENI'),
('000261', '000007', 'SISTEM ANALIS KOMPUTER'),
('000262', '000007', 'SISTEM ENERGI'),
('000263', '000007', 'SOSIOLOGI'),
('000264', '000007', 'SOSPOL'),
('000265', '000007', 'T. RADIODIAGNOSTIK & RADIOTERAPI'),
('000266', '000007', 'TARBIYAH'),
('000267', '000007', 'TATA BOGA/TATA BUSANA'),
('000268', '000007', 'TATA LAKSANA PELAYARAN'),
('000269', '000007', 'TATA PEMERINTAHAN'),
('000270', '000007', 'TEKNIK DAN MANAJEMEN LINGKUNGAN'),
('000271', '000007', 'TEKNIK ELEKTRO'),
('000272', '000007', 'TEKNIK ELEKTROMEDIK'),
('000273', '000007', 'TEKNIK ELEKTRONIKA'),
('000274', '000007', 'TEKNIK GEODESI'),
('000275', '000007', 'TEKNIK GEODESI/GEOLOGI'),
('000276', '000007', 'TEKNIK GIGI'),
('000277', '000007', 'TEKNIK INDUSTRI'),
('000278', '000007', 'TEKNIK INFORMATIKA'),
('000279', '000007', 'TEKNIK KIMIA'),
('000280', '000007', 'TEKNIK KOMPUTER'),
('000281', '000007', 'TEKNIK KOMPUTER DAN JARINGAN'),
('000282', '000007', 'TEKNIK LABORATORIUM'),
('000283', '000007', 'TEKNIK LISTRIK'),
('000284', '000007', 'TEKNIK LOGAM'),
('000285', '000007', 'TEKNIK MESIN'),
('000286', '000007', 'TEKNIK NUKLIR'),
('000287', '000007', 'TEKNIK PERKAPALAN'),
('000288', '000007', 'TEKNIK PERTAMBANGAN DAN MINYAK'),
('000289', '000007', 'TEKNIK RADIODIAGNOSTIK'),
('000290', '000007', 'TEKNIK SIPIL'),
('000291', '000007', 'TEKNIK TELEKOMUNIKASI'),
('000292', '000007', 'TEKNOLOGI DAN ILMU MAKANAN'),
('000293', '000007', 'TEKNOLOGI GAS DAN MINYAK BUMI'),
('000294', '000007', 'TEKNOLOGI GRAFIKA'),
('000295', '000007', 'TEKNOLOGI INFORMASI'),
('000296', '000007', 'TEKNOLOGI KULIT'),
('000297', '000007', 'TEKNOLOGI LAINNYA'),
('000298', '000007', 'TEKNOLOGI TEKSTIL'),
('000299', '000007', 'TELEMATIKA'),
('000300', '000012', 'AKUNTANSI'),
('000301', '000012', 'ANALIS KESEHATAN'),
('000302', '000012', 'ASISTENSI BEDAH MULUT'),
('000303', '000012', 'BIDAN PENDIDIK'),
('000304', '000012', 'FISIOTERAPI'),
('000305', '000012', 'KEBIDANAN'),
('000306', '000012', 'KESEHATAN GIGI PROST'),
('000307', '000012', 'KESEJAHTERAAN SOSIAL'),
('000308', '000012', 'MANAJEMEN AGRIBISNIS'),
('000309', '000012', 'PARIWISATA'),
('000310', '000012', 'PENDIDIKAN BAHASA, SASTRA INDONESIA DAN DAERAH'),
('000311', '000012', 'PENDIDIKAN BAHASA JEPANG'),
('000312', '000012', 'PERMESINAN - PERIKANAN'),
('000313', '000012', 'RADIOLOGI CT SCAN'),
('000314', '000012', 'STATISTIKA'),
('000315', '000012', 'TEKNIK ELEKTRO'),
('000316', '000012', 'TEKNIK SIPIL'),
('000317', '000012', 'TRANSPORTASI DARAT'),
('000318', '000011', 'AKUNTAN'),
('000319', '000011', 'APOTEKER'),
('000320', '000011', 'DOKTER HEWAN'),
('000321', '000011', 'ILMU KEPERAWATAN'),
('000322', '000011', 'KEDOKTERAN'),
('000323', '000011', 'KEDOKTERAN UMUM'),
('000324', '000011', 'KESEHATAN'),
('000325', '000011', 'NAUTIKA'),
('000326', '000011', 'NOTARIS'),
('000327', '000011', 'PERAWAT'),
('000328', '000008', 'TEKNIK ARSITEKTUR'),
('000329', '000008', 'ADM.FISKAL PERPAJAKAN'),
('000330', '000008', 'ADMINISTRASI'),
('000331', '000008', 'ADMINISTRASI BISNIS'),
('000332', '000008', 'ADMINISTRASI NEGARA'),
('000333', '000008', 'ADMINISTRASI PENDIDIKAN'),
('000334', '000008', 'ADMINISTRASI PERKANTORAN'),
('000335', '000008', 'ADMINISTRASI PUBLIK'),
('000336', '000008', 'ADMINITRASI PUBLIK'),
('000337', '000008', 'AGROBISNIS'),
('000338', '000008', 'AGRONOMI'),
('000339', '000008', 'AGROTEKNOLOGI'),
('000340', '000008', 'AHWAL AL SYAKHSHIYYAH'),
('000341', '000008', 'AKUNTANSI'),
('000342', '000008', 'AKUNTANSI PERPAJAKAN'),
('000343', '000008', 'AL-AHWAL AL SYALEH SIYAH'),
('000344', '000008', 'ANTROPOLOGI'),
('000345', '000008', 'APOTEKER'),
('000346', '000008', 'ARKEOLOGI'),
('000347', '000008', 'ARONOTIKA -AUIONICS'),
('000348', '000008', 'BAHASA BELANDA'),
('000349', '000008', 'BAHASA DAERAH'),
('000350', '000008', 'BAHASA DAN KEBUDAYAAN KOREA'),
('000351', '000008', 'BAHASA DAN SASTRA ARAB'),
('000352', '000008', 'BAHASA DAN SASTRA INDONESIA'),
('000353', '000008', 'BAHASA DAN SASTRA INGGRIS'),
('000354', '000008', 'BAHASA DAN SASTRA JEPANG'),
('000355', '000008', 'BAHASA INDONESIA'),
('000356', '000008', 'BAHASA INGGRIS'),
('000357', '000008', 'BAHASA JEPANG'),
('000358', '000008', 'BAHASA JERMAN'),
('000359', '000008', 'BAHASA PERANCIS'),
('000360', '000008', 'BAHASA RUSIA'),
('000361', '000008', 'BAHSA ARAB'),
('000362', '000008', 'BAHSA CINA'),
('000363', '000008', 'BANKING AND FINANCE'),
('000364', '000008', 'BIDAN PENDIDIK'),
('000365', '000008', 'BIMBINGAN DAN KONSELING'),
('000366', '000008', 'BIMBINGAN DAN PENYULUHAN ISLAM'),
('000367', '000008', 'BIOLOGI'),
('000368', '000008', 'BROADCASTING'),
('000369', '000008', 'BUDIDAYA PERAIRAN'),
('000370', '000008', 'BUDIDAYA PERTANIAN'),
('000371', '000008', 'DESAIN INTERIOR'),
('000372', '000008', 'DESAIN KOMUNIKASI VISUAL'),
('000373', '000008', 'DESAIN PRODUK'),
('000374', '000008', 'DIRASAT ISLAMIYAH'),
('000375', '000008', 'DOKTER ANESTESIOLOGI'),
('000376', '000008', 'DOKTER SPESIALIS ANAK'),
('000377', '000008', 'EKNIK GEODESI/GEOLOGI'),
('000378', '000008', 'EKONOMI'),
('000379', '000008', 'EKONOMI AKUNTANSI'),
('000380', '000008', 'EKONOMI BISNIS'),
('000381', '000008', 'EKONOMI DAN ADMINISTRASI'),
('000382', '000008', 'EKONOMI ISLAM'),
('000383', '000008', 'EKONOMI MANAJEMEN'),
('000384', '000008', 'EKONOMI PEMBANGUNAN'),
('000385', '000008', 'EKONOMI PERBANKAN ISLAM'),
('000386', '000008', 'EKONOMI PERTANAHAN'),
('000387', '000008', 'EKONOMI PERTANIAN'),
('000388', '000008', 'EKONOMI SUMBERDAYA DAN LINGKUNGAN'),
('000389', '000008', 'ELEKTRONIKA'),
('000390', '000008', 'FARMASI'),
('000391', '000008', 'FILSAFAT'),
('000392', '000008', 'FISIF'),
('000393', '000008', 'FISIKA'),
('000394', '000008', 'FISIKA TEKNIK'),
('000395', '000008', 'FOTOGRAFI'),
('000396', '000008', 'GEOGRAFI'),
('000397', '000008', 'GEOGRAFI DAN ILMU LINGKUNGAN'),
('000398', '000008', 'HASIL PERTANIAN'),
('000399', '000008', 'HORTIKULTURA'),
('000400', '000008', 'HUBUNGAN INTERNASIONAL'),
('000401', '000008', 'HUBUNGAN MASYARAKAT'),
('000402', '000008', 'HUKUM'),
('000403', '000008', 'HUKUM & KEWARGANEGARAAN'),
('000404', '000008', 'HUKUM BISNIS SYARIAH'),
('000405', '000008', 'HUKUM EKONOMI SYARIAH'),
('000406', '000008', 'HUKUM ISLAM'),
('000407', '000008', 'HUKUM KEPERDATAAN'),
('000408', '000008', 'HUKUM PIDANA'),
('000409', '000008', 'HUKUM TATA NEGARA'),
('000410', '000008', 'ILMU ADMINISTRASI NEGARA'),
('000411', '000008', 'ILMU ADMINISTRASI NIAGA'),
('000412', '000008', 'ILMU EKONOMI'),
('000413', '000008', 'ILMU EKONOMI DAN STUDI PEMBANGUNAN'),
('000414', '000008', 'ILMU GEOLOGI'),
('000415', '000008', 'ILMU GIZI'),
('000416', '000008', 'ILMU HUKUM'),
('000417', '000008', 'ILMU KEDOKTERAN'),
('000418', '000008', 'ILMU KELAUTAN'),
('000419', '000008', 'ILMU KELUARGA DAN KONSUMEN'),
('000420', '000008', 'ILMU KEOLAHRAGAAN'),
('000421', '000008', 'ILMU KESEJAHTERAAN KELUARGA'),
('000422', '000008', 'ILMU KOMPUTER'),
('000423', '000008', 'ILMU KOMUNIKASI'),
('000424', '000008', 'ILMU PASTI/ILMU ALAM LAINNYA'),
('000425', '000008', 'ILMU PEMERINTAHAN'),
('000426', '000008', 'ILMU PERPUSTAKAAN'),
('000427', '000008', 'ILMU PERTANAHAN'),
('000428', '000008', 'ILMU PETERNAKAN'),
('000429', '000008', 'ILMU POLITIK'),
('000430', '000008', 'ILMU TANAH DAN AIR'),
('000431', '000008', 'INDUSTRIAL ENGINEERING'),
('000432', '000008', 'IPS/BUDAYA LAINNYA'),
('000433', '000008', 'JURNALISTIK FIKOM'),
('000434', '000008', 'KEAGAMAAN DAN ILMU KETUHANAN (IAIN)'),
('000435', '000008', 'KEBIDANAN'),
('000436', '000008', 'KEDOKTERAN'),
('000437', '000008', 'KEDOKTERAN GIGI'),
('000438', '000008', 'KEDOKTERAN HEWAN'),
('000439', '000008', 'KEDOKTERAN UMUM'),
('000440', '000008', 'KEGURUAN'),
('000441', '000008', 'KEHUTANAN'),
('000442', '000008', 'KEPELATIHAN'),
('000443', '000008', 'KEPENDIDIKAN ISLAM'),
('000444', '000008', 'KEPERAWATAN'),
('000445', '000008', 'KEPERAWATAN , NS'),
('000446', '000008', 'KESEHATAN LAINNYA'),
('000447', '000008', 'KESEHATAN MASYARAKAT'),
('000448', '000008', 'KESEJAHTERAAN KELUARGA'),
('000449', '000008', 'KESEJAHTERAAN SOSIAL'),
('000450', '000008', 'KESMAS'),
('000451', '000008', 'KIMIA'),
('000452', '000008', 'KIMIA INDUSTRI'),
('000453', '000008', 'KIMIA MURNI'),
('000454', '000008', 'KOMPUTER'),
('000455', '000008', 'KOMUNIKASI'),
('000456', '000008', 'KOMUNIKASI DAN PENGEMBANGAN MASYARAKAT'),
('000457', '000008', 'KOMUNIKASI MASSA'),
('000458', '000008', 'KOMUNIKASI PENYIARAN'),
('000459', '000008', 'KOMUNIKASI PENYIARAN ISLAM'),
('000460', '000008', 'MANAJEMEN'),
('000461', '000008', 'MANAJEMEN DAKWAH'),
('000462', '000008', 'MANAJEMEN INDUSTRI'),
('000463', '000008', 'MANAJEMEN INFORMATIKA'),
('000464', '000008', 'MANAJEMEN KEUANGAN'),
('000465', '000008', 'MANAJEMEN KEUANGAN PERBANKAN'),
('000466', '000008', 'MANAJEMEN LOGISTIK'),
('000467', '000008', 'MANAJEMEN PAJAK'),
('000468', '000008', 'MANAJEMEN PARIWISATA'),
('000469', '000008', 'MANAJEMEN PEMASARAN'),
('000470', '000008', 'MANAJEMEN PEMBELAJARAN BAHASA IND'),
('000471', '000008', 'MANAJEMEN PEMBELAJARAN JASMANI'),
('000472', '000008', 'MANAJEMEN PENDIDIKAN'),
('000473', '000008', 'MANAJEMEN PERHOTELAN'),
('000474', '000008', 'MANAJEMEN PERUSAHAAN'),
('000475', '000008', 'MANAJEMEN SUMBER DAYA MANUSIA'),
('000476', '000008', 'MANAJEMEN SUMBERDAYA MANUSIA'),
('000477', '000008', 'MANAJEMEN TRANSFORTASI LAUT'),
('000478', '000008', 'MANAJEMEN TRANSPOR DARAT'),
('000479', '000008', 'MANAJEMEN TRANSPOR UDARA'),
('000480', '000008', 'MANAJEMEN TRANSPORT LAUT'),
('000481', '000008', 'MANAJEMEN TRANSPORTASI'),
('000482', '000008', 'MATEMATIKA'),
('000483', '000008', 'METEOROLOGI TERAPAN'),
('000484', '000008', 'METEROLOGI DAN GEOPISIKA'),
('000485', '000008', 'MIPA'),
('000486', '000008', 'MUAMALAH'),
('000487', '000008', 'MUAMALAT'),
('000488', '000008', 'NAUTIKA'),
('000489', '000008', 'PARIWISATA'),
('000490', '000008', 'PEMIKIRAN POLITIK ISLAM'),
('000491', '000008', 'PEND. ADMINISTRASI'),
('000492', '000008', 'PEND. ANTROPOLOGI'),
('000493', '000008', 'PEND. ARSITEKTUR'),
('000494', '000008', 'PEND. BAHASA ARAB'),
('000495', '000008', 'PEND. BAHASA BELANDA'),
('000496', '000008', 'PEND. BAHASA DAERAH'),
('000497', '000008', 'PEND. BAHASA DAN SASTRA INDONESIA'),
('000498', '000008', 'PEND. BAHASA DAN SENI'),
('000499', '000008', 'PEND. BAHASA INDONESIA'),
('000500', '000008', 'PEND. BAHASA INGGRIS'),
('000501', '000008', 'PEND. BAHASA JEPANG'),
('000502', '000008', 'PEND. BAHASA JERMAN'),
('000503', '000008', 'PEND. BAHASA PERANCIS'),
('000504', '000008', 'PEND. BIOLOGI'),
('000505', '000008', 'PEND. EKONOMI'),
('000506', '000008', 'PEND. FISIKA'),
('001029', '000008', 'PEND. MANAJEMEN BISNIS'),
('000508', '000008', 'PEND. HUKUM'),
('000509', '000008', 'PEND. ILMU KIMIA'),
('000510', '000008', 'PEND. JASMANI, KESEHATAN DAN REKREASI'),
('000511', '000008', 'PEND. KESEJAHTERAAN KELUARGA'),
('000512', '000008', 'PEND. KESENIAN'),
('000513', '000008', 'PEND. KURIKULUM'),
('000514', '000008', 'PEND. MANAGEMENT'),
('000515', '000008', 'PEND. MANAJEMEN PERKANTORAN'),
('000516', '000008', 'PEND. PANCASILA DAN KEWARGANEGARAAN'),
('000517', '000008', 'PEND. PEMBINAAN DAN PENYULUHAN'),
('000518', '000008', 'PEND. PERPUSTAKAAN'),
('000519', '000008', 'PEND. PSIKOLOGI'),
('000520', '000008', 'PEND. SEJARAH'),
('000521', '000008', 'PEND. SOSIAL'),
('000522', '000008', 'PEND. TATA BOGA'),
('000523', '000008', 'PEND. TATA GRAHA'),
('000524', '000008', 'PEND. TATA NIAGA'),
('000525', '000008', 'PEND. TEKNIK ELEKTRO'),
('000526', '000008', 'PEND. TEKNIK INDUSTRI'),
('000527', '000008', 'PEND. TEKNIK LISTRIK'),
('000528', '000008', 'PEND. TEKNIK MESIN'),
('000529', '000008', 'PEND. TEKNIK SIPIL'),
('000530', '000008', 'PEND. ADMINISTRASI PERKANTORAN'),
('000531', '000008', 'PEND. AGAMA KRISTEN'),
('000532', '000008', 'PEND. AKUNTANSI'),
('000533', '000008', 'PEND. ANAK USIA DINI'),
('000534', '000008', 'PEND. BAHASA,SASTRA INDONESIA DAN DAERAH'),
('000535', '000008', 'PEND. GURU SEKOLAH DASAR'),
('000536', '000008', 'PEND. ILMU PENGETAHUAN SOSIAL'),
('000537', '000008', 'PEND. SASTRA BAHASA ARAB'),
('000538', '000008', 'PEND. SASTRA INDONESIA'),
('000539', '000008', 'PEND. TEKNIK BANGUNAN'),
('000540', '000008', 'PENDIDIKAN'),
('000541', '000008', 'PENDIDIKAN AGAMA ISLAM'),
('000542', '000008', 'PENDIDIKAN BAHASA DAN SASTRA INGGRIS'),
('000543', '000008', 'PENDIDIKAN BAHASA INGGRIS'),
('000544', '000008', 'PENDIDIKAN EKONOMI'),
('000545', '000008', 'PENDIDIKAN EKONOMI AKUNTANSI'),
('000546', '000008', 'PENDIDIKAN EKONOMI KOPERASI'),
('000547', '000008', 'PENDIDIKAN FISIKA'),
('000548', '000008', 'PENDIDIKAN IPS'),
('000549', '000008', 'PENDIDIKAN JASMANI'),
('000550', '000008', 'PENDIDIKAN JASMANI DAN KESEHATAN'),
('000551', '000008', 'PENDIDIKAN KEWARGANEGARAAN'),
('000552', '000008', 'PENDIDIKAN KIMIA'),
('000553', '000008', 'PENDIDIKAN LUAR BIASA'),
('000554', '000008', 'PENDIDIKAN LUAR SEKOLAH'),
('000555', '000008', 'PENDIDIKAN MATEMATIKA'),
('000556', '000008', 'PENDIDIKAN MATEMATIKA DAN IPA'),
('000557', '000008', 'PENDIDIKAN OLAHRAGA'),
('000558', '000008', 'PENDIDIKAN SENI MUSIK'),
('000559', '000008', 'PENDIDIKAN SENI TARI'),
('000560', '000008', 'PENDIDIKAN SOSIOLOGI'),
('000561', '000008', 'PENDIDIKAN TEKNIK BUSANA'),
('000562', '000008', 'PENDIDIKAN UMUM'),
('000563', '000008', 'PENGOLAH GULA'),
('000564', '000008', 'PENYIARAN DA\'WAH'),
('000565', '000008', 'PERADILAN AGAMA'),
('000566', '000008', 'PERBANDINGAN AGAMA'),
('000567', '000008', 'PERBANDINGAN MAZHAB & HUKUM'),
('000568', '000008', 'PERDATA PIDANA ISLAM'),
('000569', '000008', 'PERIKANAN'),
('000570', '000008', 'PERPUSTAKAAN'),
('000571', '000008', 'PERTANIAN'),
('000572', '000008', 'PERTANIAN LAINNYA'),
('000573', '000008', 'PERTANIAN UMUM'),
('000574', '000008', 'PERTERNAKAN'),
('000575', '000008', 'PETERNAKAN'),
('000576', '000008', 'PGMI'),
('000577', '000008', 'PGSD'),
('000578', '000008', 'PLANOLOGI'),
('000579', '000008', 'PPKN'),
('000580', '000008', 'PRODUKSI TERNAK'),
('000581', '000008', 'PROFESI NERS'),
('000582', '000008', 'PSIKOLOGI'),
('000583', '000008', 'PSIKOLOGI ISLAM'),
('000584', '000008', 'PUBLISTIK'),
('000585', '000008', 'SAINS'),
('000586', '000008', 'SAINS TERAPAN'),
('000587', '000008', 'SASTRA ARAB'),
('000588', '000008', 'SASTRA CINA'),
('000589', '000008', 'SASTRA INDONESIA'),
('000590', '000008', 'SASTRA INGGRIS'),
('000591', '000008', 'SASTRA PERANCIS'),
('000592', '000008', 'SASTRA RUSIA'),
('000593', '000008', 'SEJARAH'),
('000594', '000008', 'SEJARAH DAN PERADABAN ISLAM'),
('000595', '000008', 'SEKRETARIS'),
('000596', '000008', 'SENI KARAWITAN'),
('000597', '000008', 'SENI KRIYA'),
('000598', '000008', 'SENI RUPA'),
('000599', '000008', 'SISTEM INFORMASI'),
('000600', '000008', 'SISTEM INFORMATIKA'),
('000601', '000008', 'SISTEM KOMPUTER'),
('000602', '000008', 'SIYASAH SYAR`IYYAH'),
('000603', '000008', 'SOMATOKINETIKA'),
('000604', '000008', 'SOSIAL EKONOMI PERTANIAN'),
('000605', '000008', 'SOSIAL EKONOMI PETERNAKAN'),
('000606', '000008', 'SOSIAL ISLAM'),
('000607', '000008', 'SOSIAL POLITIK'),
('000608', '000008', 'SOSIOKINETIKA'),
('000609', '000008', 'SOSIOLOGI'),
('000610', '000008', 'SOSIOLOGI AGAMA'),
('000611', '000008', 'SOSIOLOGI DAN ANTROPOLOGI'),
('000612', '000008', 'STATISTIK'),
('000613', '000008', 'STUDI GIZI'),
('000614', '000008', 'SYARI\'AH'),
('000615', '000008', 'T. MANAJEMEN SUMBERDAYA PERAIRAN'),
('000616', '000008', 'TAFSIR HADIST'),
('000617', '000008', 'TAK TERDEFINISI'),
('000618', '000008', 'TARBIYAH'),
('000619', '000008', 'TASAWUF PSIKOTERAPI'),
('000620', '000008', 'TEK.PENGELOLAAN SUMBERDAYA PERAIRAN'),
('000621', '000008', 'TEKNIK ARSITEKTUR DAN PERENCANAAN'),
('000622', '000008', 'TEKNIK DAN MANAJEMEN INDUSTRI'),
('000623', '000008', 'TEKNIK ELEKTRO'),
('000624', '000008', 'TEKNIK ELEKTRO TELEKOMUNIKASI'),
('000625', '000008', 'TEKNIK GEODESI'),
('000626', '000008', 'TEKNIK GEOLOGI'),
('000627', '000008', 'TEKNIK GRAFIKA'),
('000628', '000008', 'TEKNIK INDUSTRI'),
('000629', '000008', 'TEKNIK INFORMATIKA'),
('000630', '000008', 'TEKNIK KELAUTAN'),
('000631', '000008', 'TEKNIK KIMIA'),
('000632', '000008', 'TEKNIK LINGKUNGAN'),
('000633', '000008', 'TEKNIK LISTRIK'),
('000634', '000008', 'TEKNIK LOGAM'),
('000635', '000008', 'TEKNIK MESIN'),
('000636', '000008', 'TEKNIK METALORGI'),
('000637', '000008', 'TEKNIK NUKLIR'),
('000638', '000008', 'TEKNIK PENERBANGAN'),
('000639', '000008', 'TEKNIK PERENCANAAN WILAYAH DAN KOTA'),
('000640', '000008', 'TEKNIK PERKAPALAN'),
('000641', '000008', 'TEKNIK PERTAMBANGAN DAN MINYAK'),
('000642', '000008', 'TEKNIK PERTANIAN'),
('000643', '000008', 'TEKNIK RADIOLOGI'),
('000644', '000008', 'TEKNIK SIPIL'),
('000645', '000008', 'TEKNIK SIPIL DAN LINGKUNGAN'),
('000646', '000008', 'TEKNOLOGI DAN ILMU MAKANAN'),
('000647', '000008', 'TEKNOLOGI DAN MANAJEMEN BUDIDAYA PERIKANAN'),
('000648', '000008', 'TEKNOLOGI GAS DAN MINYAK BUMI'),
('000649', '000008', 'TEKNOLOGI HASIL HUTAN'),
('000650', '000008', 'TEKNOLOGI HASIL PERAIRAN'),
('000651', '000008', 'TEKNOLOGI INDUSTRI PERTANIAN'),
('000652', '000008', 'TEKNOLOGI KULIT'),
('000653', '000008', 'TEKNOLOGI LAINNYA'),
('000654', '000008', 'TEKNOLOGI PANGAN'),
('000655', '000008', 'TEKNOLOGI PANGAN DAN GIZI'),
('000656', '000008', 'TEKNOLOGI PENDIDIKAN'),
('000657', '000008', 'TEKNOLOGI TEKSTIL'),
('000658', '000008', 'TELEKOMUNIKASI'),
('000659', '000008', 'TEOLOGI KEPENDETAAN'),
('000660', '000008', 'TEOLOGIA'),
('000661', '000008', 'USHULUDDIN'),
('000662', '000009', 'ADMINISTRASI'),
('000663', '000009', 'ADMINISTRASI PENDIDIKAN'),
('000664', '000009', 'AKUNTANSI'),
('000665', '000009', 'ANTROPOLOGI'),
('000666', '000009', 'ARKEOLOGI'),
('000667', '000009', 'ARSITEKTUR'),
('000668', '000009', 'BAHASA ARAB'),
('000669', '000009', 'BAHASA BELANDA'),
('000670', '000009', 'BAHASA DAERAH'),
('000671', '000009', 'BAHASA INDONESIA'),
('000672', '000009', 'BAHASA INGGRIS'),
('000673', '000009', 'BAHASA JEPANG'),
('000674', '000009', 'BAHASA JERMAN'),
('000675', '000009', 'BAHASA PERANCIS'),
('000676', '000009', 'BAHASA RUSIA'),
('000677', '000009', 'BAHSA ARAB'),
('000678', '000009', 'BAHSA CINA'),
('000679', '000009', 'BIOLOGI'),
('000680', '000009', 'DOKTER SPESIALIS ANAK'),
('000681', '000009', 'EKNIK GEODESI/GEOLOGI'),
('000682', '000009', 'EKONOMI'),
('000683', '000009', 'EKONOMI PERTANAHAN'),
('000684', '000009', 'EKONOMI PERTANIAN'),
('000685', '000009', 'FALSAFAH AGAMA'),
('000686', '000009', 'FARMASI'),
('000687', '000009', 'FILSAFAT'),
('000688', '000009', 'FISIKA'),
('000689', '000009', 'FISIKA TEKNIK'),
('000690', '000009', 'GEOGRAFI'),
('000691', '000009', 'HASIL PERTANIAN'),
('000692', '000009', 'HORTIKULTURA'),
('000693', '000009', 'HUKUM'),
('000694', '000009', 'ILMU GEOLOGI'),
('000695', '000009', 'ILMU HUKUM'),
('000696', '000009', 'ILMU KIMIA'),
('000697', '000009', 'ILMU KOMUNIKASI'),
('000698', '000009', 'ILMU PASTI/ILMU ALAM LAINNYA'),
('000699', '000009', 'ILMU PEREN.PEMBANGUNAN DAN PEDESAAN'),
('000700', '000009', 'ILMU POLITIK'),
('000701', '000009', 'ILMU TANAH DAN AIR'),
('000702', '000009', 'IPS/BUDAYA LAINNYA'),
('000703', '000009', 'KEAGAMAAN DAN ILMU KETUHANAN (IAIN)'),
('000704', '000009', 'KEDOKTERAN GIGI'),
('000705', '000009', 'KEDOKTERAN HEWAN'),
('000706', '000009', 'KEDOKTERAN UMUM'),
('000707', '000009', 'KEHUTANAN'),
('000708', '000009', 'KENOTARIATAN'),
('000709', '000009', 'KESEHATAN LAINNYA'),
('000710', '000009', 'KESEJAHTERAAN KELUARGA'),
('000711', '000009', 'KESENIAN'),
('000712', '000009', 'KIMIA'),
('000713', '000009', 'KOMPUTER'),
('000714', '000009', 'KOMUNIKASI MASSA'),
('000715', '000009', 'KURIKULUM'),
('000716', '000009', 'MAGISTER MANAJEMENT'),
('000717', '000009', 'MANAJEMEN'),
('000718', '000009', 'MANAJEMEN KEUANGAN'),
('000719', '000009', 'MANAJEMEN PENDIDIKAN'),
('000720', '000009', 'MANAJEMEN RUMAH SAKIT'),
('000721', '000009', 'MANAJEMEN SUMBER DAYA MANUSIA'),
('000722', '000009', 'MATEMATIKA'),
('000723', '000009', 'METEROLOGI DAN GEOPISIKA'),
('000724', '000009', 'MIPA'),
('000725', '000009', 'OLAH RAGA'),
('000726', '000009', 'PEMBINAAN DAN PENYULUHAN'),
('000727', '000009', 'PENDIDIKAN MORAL PANCASILA'),
('000728', '000009', 'PENDIDIKAN UMUM'),
('000729', '000009', 'PENGOLAH GULA'),
('000730', '000009', 'PENYAKIT KULIT & KELAMIN'),
('000731', '000009', 'PERIKANAN'),
('000732', '000009', 'PERPUSTAKAAN'),
('000733', '000009', 'PERTANIAN LAINNYA'),
('000734', '000009', 'PERTANIAN UMUM'),
('000735', '000009', 'PERTERNAKAN'),
('000736', '000009', 'PINDIDIKAN SOSIAL'),
('000737', '000009', 'POLITIK ISLAM'),
('000738', '000009', 'PSIKOLOGI'),
('000739', '000009', 'PUBLISTIK'),
('000740', '000009', 'SEJARAH'),
('000741', '000009', 'SII LAINYA'),
('000742', '000009', 'SOSIOLOGI'),
('000743', '000009', 'STATISTIK'),
('000744', '000009', 'TAK TERDEFINISI'),
('000745', '000009', 'TATA BOGA'),
('000746', '000009', 'TATA GRAHA'),
('000747', '000009', 'TEKNIK GRAFIKA'),
('000748', '000009', 'TEKNIK INDUSTRI'),
('000749', '000009', 'TEKNIK KIMIA'),
('000750', '000009', 'TEKNIK LISTRIK'),
('000751', '000009', 'TEKNIK LOGAM'),
('000752', '000009', 'TEKNIK MESIN'),
('000753', '000009', 'TEKNIK NUKLIR'),
('000754', '000009', 'TEKNIK PERTAMBANGAN DAN MINYAK'),
('000755', '000009', 'TEKNIK SIPIL'),
('000756', '000009', 'TEKNOLOGI DAN ILMU MAKANAN'),
('000757', '000009', 'TEKNOLOGI GAS DAN MINYAK BUMI'),
('000758', '000009', 'TEKNOLOGI INFORMASI'),
('000759', '000009', 'TEKNOLOGI KULIT'),
('000760', '000009', 'TEKNOLOGI LAINNYA'),
('000761', '000009', 'TEKNOLOGI PANGAN'),
('000762', '000009', 'TEKNOLOGI TEKSTIL'),
('000763', '000002', 'MADRASAH IBTIYAH'),
('000764', '000002', 'PAKET A'),
('000765', '000002', 'SETINGKAT SD'),
('000766', '000002', 'TAK TERDEFINISI'),
('000767', '000002', 'TAMAT SD'),
('000768', '000004', 'AGRIBISNIS DAN ARGOINDUSTRI'),
('000769', '000004', 'ANALISA FARMASI & MAKANAN'),
('000770', '000004', 'BUSANA BUTIK'),
('000771', '000004', 'ELEKTRONIKA KOMUNIKASI'),
('000772', '000004', 'FARMASI'),
('000773', '000004', 'ILMU FISIKA'),
('000774', '000004', 'KECANTIKAN RAMBUT'),
('000775', '000004', 'KEHUTANAN'),
('000776', '000004', 'KESEHATAN'),
('000777', '000004', 'KESEJAHTERAAN RUMAH TANGGA'),
('000778', '000004', 'KESENIAN DAN SENI RUPA'),
('000779', '000004', 'KOMPUTER DAN INFORMATIKA'),
('000780', '000004', 'KPG / SD'),
('000781', '000004', 'KPG / TK'),
('000782', '000004', 'MA - AGAMA'),
('000783', '000004', 'MA / BAHASA ARAB'),
('000784', '000004', 'MA / IPA'),
('000785', '000004', 'MA / IPS'),
('000786', '000004', 'MA-BAHASA'),
('000787', '000004', 'MADRASAH DINIYAH ALIYAH'),
('000788', '000004', 'MANAJEMEN'),
('000789', '000004', 'MANAJEMEN AKUNTANSI'),
('000790', '000004', 'MANAJEMEN BISNIS'),
('000791', '000004', 'MANAJEMEN INFORMATIKA'),
('000792', '000004', 'MEKANISASI'),
('000793', '000004', 'PAKET C / IPA'),
('000794', '000004', 'PAKET C / IPS'),
('000795', '000004', 'PEKERJAAN SOSIAL'),
('000796', '000004', 'PENYULUHAN PERTANIAN'),
('000797', '000004', 'PERAWAT GIGI'),
('000798', '000004', 'PERAWATAN SOSIAL'),
('000799', '000004', 'PERBANKAN'),
('000800', '000004', 'PERKAYUAN'),
('000801', '000004', 'PGA'),
('000802', '000004', 'PGA 6 TAHUN'),
('000803', '000004', 'PGA NON ISLAM'),
('000804', '000004', 'SEKOLAH ANALIS KIMIA MENENGAH ATAS'),
('000805', '000004', 'SEKOLAH PERAWAT KESEHATAN'),
('000806', '000004', 'SETINGKAT SLTA'),
('000807', '000004', 'SGO'),
('000808', '000004', 'SMA-AGAMA'),
('000809', '000004', 'SMA-BAHASA'),
('000810', '000004', 'SMA-ILMU-ILMU BIOLOGI'),
('000811', '000004', 'SMA-ILMU-ILMU FISIK'),
('000812', '000004', 'SMA-IPA'),
('000813', '000004', 'SMA-IPS'),
('000814', '000004', 'SMA-SAINS'),
('000815', '000004', 'SMEA-KOPERASI'),
('000816', '000004', 'SMF'),
('000817', '000004', 'SMK - PEMASARAN'),
('000818', '000004', 'SMK - TEKNIK GAMBAR BANGUNAN'),
('000819', '000004', 'SMK BUDIDAYA TANAMAN'),
('000820', '000004', 'SMK KEPERAWATAN'),
('000821', '000004', 'SMK KRIA LOGAM'),
('000822', '000004', 'SMK MESIN PERKAKAS'),
('000823', '000004', 'SMK PEKERJAAN SOSIAL'),
('000824', '000004', 'SMK TATA BUSANA'),
('000825', '000004', 'SMK- AIRFRAME-POWERPLANT'),
('000826', '000004', 'SMK- KEUANGAN'),
('000827', '000004', 'SMK- OTOMOTIF'),
('000828', '000004', 'SMK- PEMELIHARAAN PESAWAT TERBANG'),
('000829', '000004', 'SMK- PERIKANAN'),
('000830', '000004', 'SMK- PERPAJAKAN'),
('000831', '000004', 'SMK- TEKNIK LAS'),
('000832', '000004', 'SMK- TEKNIK LISTRIK'),
('000833', '000004', 'SMK- TEKNIK MEKANIK OTOMOTIF'),
('000834', '000004', 'SMK-ADM PERKANTORAN'),
('000835', '000004', 'SMK-AGRI BISNIS'),
('001070', '000004', 'TEKNOLOGI'),
('000837', '000004', 'SMK-AGRO BISNIS'),
('000838', '000004', 'SMK-AKUNTANSI'),
('000839', '000004', 'SMK-AKUTANSI DAN MANAJEMEN'),
('000840', '000004', 'SMK-BANGUNAN'),
('000841', '000004', 'SMK-BISNIS MANAJEMEN'),
('000842', '000004', 'SMK-BUDIDAYA IKAN'),
('000843', '000004', 'SMK-BUDIDAYA PERAIRAN'),
('000844', '000004', 'SMK-BUDIDAYA TERNAK'),
('000845', '000004', 'SMK-DESAIN DAN PRODUKSI KRIA'),
('000846', '000004', 'SMK-ELEKTRONIKA'),
('000847', '000004', 'SMK-GEOLOGI TAMBANG'),
('000848', '000004', 'SMK-GRAFIKA'),
('000849', '000004', 'SMK-INSTALASI TENAGA LISTRIK'),
('000850', '000004', 'SMK-INSTRUMENTASI LOGAM'),
('000851', '000004', 'SMK-KECANTIKAN'),
('000852', '000004', 'SMK-KERAJINAN'),
('000853', '000004', 'SMK-KESEHATAN'),
('000854', '000004', 'SMK-KETENAGALISTRIKAN'),
('000855', '000004', 'SMK-KIMIA'),
('000856', '000004', 'SMK-KIMIA ANALIS'),
('000857', '000004', 'SMK-KIMIA INDUSTRI'),
('000858', '000004', 'SMK-MANAJEMEN KOPERASI'),
('000859', '000004', 'SMK-MEKANIK INDUSTRI'),
('000860', '000004', 'SMK-MEKANIK UMUM'),
('000861', '000004', 'SMK-MEKANISASI PERTANIAN'),
('000862', '000004', 'SMK-MEKATRONIKA'),
('000863', '000004', 'SMK-MESIN INDUSTRI'),
('000864', '000004', 'SMK-MESIN PRODUKSI'),
('000865', '000004', 'SMK-MESIN TENAGA'),
('000866', '000004', 'SMK-MULTIMEDIA'),
('000867', '000004', 'SMK-OTOMASI INDUSTRI'),
('000868', '000004', 'SMK-PARIWISATA'),
('000869', '000004', 'SMK-PELAYARAN'),
('000870', '000004', 'SMK-PEMBORAN MINYAK & GAS BUMI'),
('000871', '000004', 'SMK-PENJUALAN'),
('000872', '000004', 'SMK-PERBANKAN SYARIAH'),
('000873', '000004', 'SMK-PERDAGANGAN'),
('000874', '000004', 'SMK-PERHOTELAN'),
('000875', '000004', 'SMK-PERTANIAN DAN KEHUTANAN'),
('000876', '000004', 'SMK-PETERNAKAN'),
('000877', '000004', 'SMK-PRODUKSI'),
('000878', '000004', 'SMK-REKAYASA PERANGKAT LUNAK'),
('000879', '000004', 'SMK-SASTRA INGGRIS'),
('000880', '000004', 'SMK-SEKRETARIS'),
('000881', '000004', 'SMK-SENI DAN KERAJINAN'),
('000882', '000004', 'SMK-SUITSING'),
('000883', '000004', 'SMK-SURVEI PEMETAAN'),
('000884', '000004', 'SMK-T. INFORMASI & KOMUNIKASI'),
('000885', '000004', 'SMK-T.HASIL PERTANIAN'),
('000886', '000004', 'SMK-T.INDUSTRI'),
('000887', '000004', 'SMK-T.KOMPUTER'),
('000888', '000004', 'SMK-TATA BOGA'),
('000889', '000004', 'SMK-TATA BUKU'),
('000890', '000004', 'SMK-TATA NIAGA'),
('000891', '000004', 'SMK-TATA USAHA'),
('000892', '000004', 'SMK-TEKNIK AKSES RADIO'),
('000893', '000004', 'SMK-TEKNIK AUDIO VIDEO'),
('000894', '000004', 'SMK-TEKNIK ELEKTRO'),
('000895', '000004', 'SMK-TEKNIK ELEKTRONIKA INDUSTRI'),
('000896', '000004', 'SMK-TEKNIK GAMBAR MESIN'),
('000897', '000004', 'SMK-TEKNIK INFORMATIKA'),
('000898', '000004', 'SMK-TEKNIK KENDARAAN RINGAN'),
('000899', '000004', 'SMK-TEKNIK KOMPUTER DAN JARINGAN'),
('000900', '000004', 'SMK-TEKNIK MESIN'),
('000901', '000004', 'SMK-TEKNIK OTOMOTIF KENDARAAN RINGAN'),
('000902', '000004', 'SMK-TEKNIK PEMESINAN'),
('000903', '000004', 'SMK-TEKNIK PENDINGIN DAN TATA UDARA'),
('000904', '000004', 'SMK-TEKNIK SEPEDA MOTOR'),
('000905', '000004', 'SMK-TEKNIK SIPIL'),
('000906', '000004', 'SMK-TEKNIK TELEKOMUNIKASI'),
('000907', '000004', 'SMK-TEKNOLOGI PESAWAT UDARA'),
('000908', '000004', 'SMK-TEKSTIL'),
('000909', '000004', 'SMK PERKAPALAN'),
('000910', '000004', 'SOSIAL'),
('000911', '000004', 'SPG'),
('000912', '000004', 'SPG SD'),
('000913', '000004', 'SPG TK'),
('000914', '000004', 'SPK PERAWAT'),
('000915', '000004', 'SPM PERIKANAN'),
('000916', '000004', 'SPM-NAUTIKA'),
('000917', '000004', 'SPMA PERTANIAN'),
('000918', '000004', 'SPMA PETERNAKAN'),
('000919', '000004', 'ST. TEKNIK LOGAM'),
('000920', '000004', 'SURVAI DAN PEMETAAN'),
('000921', '000004', 'TAK TERDEFINISI'),
('000922', '000004', 'TEKNIK KAPAL PENANGKAPAN IKAN'),
('000923', '000004', 'TEKNIK KONTRUKSI BATU DAN BETON'),
('000924', '000004', 'TEXTILE'),
('000925', '000003', 'MTS'),
('000926', '000003', 'PAKET B'),
('000927', '000003', 'SETINGKAT SLTP'),
('000928', '000003', 'SLTP KEJURUAN'),
('000929', '000003', 'SMP'),
('000930', '000003', 'TAK TERDEFINISI'),
('000931', '000001', 'TAK TERDEFINISI'),
('000932', '000007', 'MANAJEMEN RELASI PUBLIK'),
('000933', '000008', 'SASTRA JEPANG'),
('000934', '000004', 'ELEKTRONIKA INDUSTRI'),
('000935', '000005', 'KEBIDANAN'),
('000936', '000004', 'MANAJEMEN BISNIS'),
('000937', '000004', 'SMK-MANAJEMEN BISNIS'),
('000938', '000004', 'SMK-BUDIDAYA TANAMAN'),
('000939', '000005', 'SASTRA JEPANG'),
('000940', '000001', 'SMK - MESIN PERKAKAS'),
('000941', '000004', 'SMK - MESIN PERKAKAS'),
('000942', '000008', 'ADMINISTRASI KEBIJAKAN & KESEHATAN'),
('000943', '000007', 'BUDI DAYA TERNAK'),
('000944', '000004', 'SMK-PENERBANGAN'),
('000945', '000008', 'TEKNIK KOMPUTER'),
('000946', '000010', 'PEND. JASMANI,KESEHATAN,DAN REKREASI'),
('000947', '000004', 'SMK-TATA BUSANA'),
('000948', '000008', 'MANAJEMEN LOGISTIK'),
('000949', '000007', 'MANAJEMEN LOGISTIK'),
('000950', '000008', 'KARAWITAN'),
('000951', '000004', 'SMA-PENGETAHUAN BUDAYA'),
('000952', '000007', 'MANAJEMEN SUMBERDAYA MANUSIA'),
('000953', '000004', 'SMK-TEKNIK PERKAPALAN'),
('000954', '000004', 'SMK-TEKNIK PERKAPALAN'),
('000955', '000004', 'ILMU ILMU SOSIAL'),
('000956', '000004', 'SMK-SENI TARI'),
('000957', '000007', 'OFFICE MANAJEMEN'),
('000958', '000007', 'KESEHATAN DAN KESELAMATAN KERJA'),
('000959', '000007', 'NAUTIKA'),
('000960', '000008', 'PEND. ZOOLOGI'),
('000961', '000004', 'SMK-TEKNOLOGI PENGERJAAN LOGAM'),
('000962', '000008', 'PEND. FILSAFAT SOSIOLOGI'),
('000963', '000004', 'SMA-FISIKA'),
('000964', '000008', 'PENDIDIKAN TATA BUSANA'),
('000965', '000008', 'ILMU NUTRISI DAN MAKANAN TERNAK'),
('000966', '000007', 'SYARIAH'),
('000967', '000008', 'PENDIDIKAN IPA'),
('000968', '000008', 'PERENCANAAN PENGEMBANGAN'),
('000980', '000004', 'SMK-AGRIBISNIS PEMBIBITAN TANAMAN'),
('000978', '000004', 'MOTOR DAN RANGKA PESAWAT TERBANG'),
('000979', '000004', 'SMK-MOTOR DAN RANGKA PESAWAT TERBANG'),
('000973', '000008', 'MANAJEMEN PEMJASKES & REKREASI'),
('000974', '000006', 'PERPUSTAKAAN'),
('000975', '000008', 'MANAJEMEN PEND. ISLAM'),
('000976', '000008', 'KESEHATAN LINGKUNGAN PEMINATAN K3'),
('000977', '000008', 'EKONOMI KOPERASI'),
('000981', '000004', 'SMK-OTOMOTIF'),
('000982', '000004', 'SMK-LISTRIK'),
('000983', '000004', 'SMK-MESIN'),
('000984', '000004', 'SMK-PEMASARAN'),
('000985', '000004', 'SMK-TEKNIK PERMESINAN'),
('000986', '000004', 'SMK-MULTI MEDIA'),
('000987', '000004', 'SMK OTOMOTIF'),
('000988', '000004', 'SMK-TEKNIK AUDIO VIDIO'),
('000989', '000004', 'PAKET C'),
('000990', '000004', 'SMK-KEPERAWATAN'),
('000991', '000004', 'SMK-ELEKTRO'),
('000992', '000008', 'PEND. AGAMA ISLAM'),
('000993', '000004', 'SMK-FARMASI'),
('000994', '000004', 'ANALISIS KESEHATAN'),
('001133', '000008', 'AGRIBISNIS'),
('000996', '000004', 'MA/ KEAGAMAAN'),
('000997', '000008', 'PEND. OLAH RAGA'),
('000998', '000004', 'SMK-PERBANKAN'),
('000999', '000007', 'TRANSPORTASI'),
('001000', '000004', 'SMK-PEMESINAN'),
('001001', '000004', 'SMK ADM PERKANTORAN'),
('001002', '000004', 'SMK M.OTOMOTIF'),
('001003', '000004', 'SMK MULTI MEDIA'),
('001004', '000007', 'TEKNOLOGI AKUAKULTUR'),
('001005', '000004', 'SMK-T.KOMPUTER/RPL'),
('001006', '000004', 'SMK-KOMPUTER/TKJ'),
('001028', '000008', 'PEND. GEOGRAFI'),
('001008', '000008', 'ILMU ADM NEGARA'),
('001009', '000004', 'SMF/ SMK FARMASI'),
('001010', '000004', 'T. INFORMASI & KOMUNIKASI'),
('001011', '000004', 'SMK- PERTANIAN'),
('001012', '000004', 'SMK-M.INDUSTRI'),
('001013', '000007', 'TEKNIK MEKANIK INDUSTRI'),
('001132', '000007', 'TEKNIK PERMINYAKAN'),
('001015', '000004', 'SMEA KOPERASI'),
('001016', '000007', 'ANALIS KIMIA'),
('001017', '000008', 'SISTIM INFORMASI'),
('001018', '000008', 'PEND. MORAL PANCASILA'),
('001019', '000008', 'TAFSIR HADITS'),
('001020', '000004', 'SMK-LAS'),
('', '000004', 'SMK-MESIN'),
('001021', '000008', 'PERBANKAN SYARIAH'),
('001022', '000008', 'PEND. PENJASKES & REK'),
('001023', '000008', 'PEND. SOSIOLOGI - ANTROPOLOGI'),
('001024', '000008', 'MANAJEMEN HUTAN'),
('001025', '000004', 'SMK-TEKNIK KOMPUTER & INFORMATIKA'),
('001026', '000012', 'TEKNIK & MANAJEMEN INDUSTRI'),
('001027', '000008', 'MANAJEMEN SUMBERDAYA PERIKANAN'),
('001030', '000008', 'PEDNIDIKAN ISLAM'),
('001031', '000009', 'PENDIDIKAN ISLAM'),
('001032', '000008', 'TATA BUSANA'),
('001033', '000004', 'SMK-PEMANFAATAN TENAGA LISTRIK'),
('001034', '000008', 'PEND. PANCASILA & KEWARGANEGARAAN'),
('001067', '000008', 'TAFSIR'),
('001036', '000008', 'TEKNOLOGI PENGELOLAAN SUMBERDAYA PERAIRAN'),
('001037', '000007', 'STATISTIK'),
('001040', '000008', 'MANAJEMEN EKONOMI'),
('001039', '000004', 'SMK-LISTRIK INDUSTRI'),
('001068', '000004', 'SMK - B.TANAMAN PANGAN DAN HOLTIKUTURA'),
('001043', '000004', 'SMA-TUNARUNGU'),
('001044', '000008', 'SEJARAH INDONESIA'),
('001045', '000007', 'SASTRA INGGRIS'),
('001046', '000008', 'SEJARAH & KEBUDAYAAN ISLAM'),
('001047', '000008', 'AL-AHWAL AL-SYAKHSIYAH'),
('001048', '000008', 'ILMU & INDUSTRI PETERNAKAN'),
('001049', '000008', 'PENGEMBANGAN MASYARAKAT ISLAM'),
('001050', '000008', 'PAUD'),
('001051', '000003', 'PGSMTP/P'),
('001052', '000001', 'PEND. KESEJAHTERAAN KELUARGA'),
('001053', '000004', 'SMK-TEKNIK PENYIARAN RADIO'),
('001054', '000008', 'ILMU PENDIDIKAN'),
('001055', '000006', 'TARBIYAH'),
('001056', '000007', 'PGA'),
('001057', '000008', 'PENDIDIKAN ISLAM MANAJEMEN'),
('001058', '000008', 'ILMU KOMUNIKASI HUMAS'),
('001059', '000008', 'DOKTER UMUM'),
('001060', '000008', 'SENI TARI'),
('001061', '000008', 'HUKUM PIDANA ISLAM'),
('001062', '000004', 'SMK-TEKNIK OTOMOTIF'),
('001063', '000008', 'PERECANAN WILAYAH DAN KOTA'),
('001064', '000004', 'SMK-TEKNIK OTOTRONIK'),
('001065', '000007', 'TEKNIK OTOMOTIF'),
('001069', '000004', 'KELISTRIKAN PESAWAT UDARA'),
('001071', '000004', 'SMK- TEKNOLOGI'),
('001072', '000004', 'SMK-TEKNOLOGI'),
('001073', '000007', 'PERMINYAKAN'),
('001074', '000008', 'TADRIS MATEMATIKA'),
('001075', '000004', 'PERDAGANGAN'),
('001076', '000008', 'MANAJEMEN PENDIDIKAN ISLAM'),
('001077', '000008', 'SISTEM INFORMASI'),
('001078', '000004', 'SMK-TEKNIK ELEKTRO KOMUNIKASI'),
('001079', '000008', 'TEKNIK ELEKTRO'),
('001080', '000004', 'SMK-PERAWAT'),
('001081', '000007', 'KESEHATAN'),
('001082', '000004', 'SMK-KEUANGAN'),
('001083', '000008', 'PERPAJAKAN/ADM FISKAL'),
('001084', '000007', 'TELEVISI'),
('001085', '000008', 'HAMA & PENYAKIT TANAMAN'),
('001086', '000008', 'HUKUM KETATANEGARAAN & POLITIK ISLAM'),
('001087', '000009', 'STUDI AL QUR`AN'),
('001088', '000008', 'BIO KIMIA'),
('001089', '000004', 'PERSIAPAN GRAFIKA'),
('001090', '000004', 'NAUTIKA KAPAL NAUTIKA'),
('001091', '000004', 'ANALIS KIMIA'),
('001092', '000009', 'ILMU PETERNAKAN'),
('001093', '000004', 'SMK-AIR FRAME & POWERPLANT'),
('001094', '000008', 'ILMU ADMINISTRASI'),
('001095', '000004', 'SMK-TEKNIK GAMBAR BANGUNAN'),
('001096', '000008', 'SENI MUSIK'),
('001097', '000008', 'HUKUM PERDATA'),
('001098', '000004', 'SMK-TEKNIK PERKAYUAN'),
('001099', '000009', 'PENDIDIKAN AGAMA ISLAM'),
('001100', '000007', 'MANAJEMEN EKONOMI'),
('001101', '000008', 'PEND. BIMBINGAN DAN KONSELING'),
('001102', '000006', 'TEKNIK INFORMATIKA'),
('001103', '000006', 'PROGAMER'),
('001104', '000004', 'SMK-TEKNOLOGI INFORMASI KOMUNIKASI'),
('001105', '000008', 'PENDIDIKAN DOKTER'),
('001106', '000007', 'TEKNOLOGI P & PMB MASY PERTANIAN'),
('001107', '000008', 'PENDIDIKAN AGAMA KATHOLIK'),
('001108', '000005', 'KOMPUTER ADM. PERKANTORAN'),
('001109', '000008', 'DAKWAH'),
('001110', '000001', 'TEKNIK GRAFIKA'),
('001111', '000008', 'KEUANGAN ISLAM'),
('001112', '000008', 'DOKTER GIGI'),
('001113', '000011', 'KEPERAWATAN'),
('001114', '000008', 'ILMU KESEJAHTERAAN SOSIAL'),
('001115', '000007', 'KOMUNIKASI MASA'),
('001116', '000007', 'MANAJEMEN TRANSPOTASI UDARA'),
('001117', '000004', 'SMK-T. PENGOLAHAN HSL PERTANIAN'),
('001118', '000004', 'SMK-ELEKTRO KOMUNIKASI'),
('001119', '000004', 'SMK-TEKNIK FABRIKASI LOGAM'),
('001120', '000012', 'PENYULUHAN PERIKANAN'),
('001121', '000008', 'GIZI'),
('001122', '000005', 'AUTOMOTIF'),
('001123', '000010', 'PEND. BAHASA DAN SASTRA INDONESIA'),
('001124', '000008', 'SASTRA INDONESIA DAN DAERAH'),
('001125', '000004', 'SMK-TEKNIK PENGECORAN LOGAM'),
('001126', '000006', 'MANAJEMEN PERHOTELAN'),
('001127', '000008', 'MANAJEMEN PEMBELAJARAN GURU MI'),
('001128', '000009', 'HUKUM PERDATA ISLAM'),
('001129', '000004', 'SMA-SLB'),
('001130', '000008', 'MANAJEMEN PEMBELAJARAN IPS'),
('001131', '000007', 'KOMPUTER & SISTEM INFORMASI'),
('001135', '000008', 'PENDIDIKAN SOSIOLOGI DAN FILSAFAT');

-- --------------------------------------------------------

--
-- Table structure for table `mskabupaten`
--

CREATE TABLE `mskabupaten` (
  `IDKabupaten` char(6) NOT NULL,
  `NamaKabupaten` varchar(50) NOT NULL
) ENGINE=MyISAM DEFAULT CHARSET=latin1;

--
-- Dumping data for table `mskabupaten`
--

INSERT INTO `mskabupaten` (`IDKabupaten`, `NamaKabupaten`) VALUES
('000003', 'Depok');

-- --------------------------------------------------------

--
-- Table structure for table `mskeahlian`
--

CREATE TABLE `mskeahlian` (
  `IDKeahlian` char(6) NOT NULL,
  `IDJenisLowongan` char(6) NOT NULL,
  `NamaKeahlian` varchar(45) NOT NULL
) ENGINE=MyISAM DEFAULT CHARSET=latin1;

--
-- Dumping data for table `mskeahlian`
--

INSERT INTO `mskeahlian` (`IDKeahlian`, `IDJenisLowongan`, `NamaKeahlian`) VALUES
('000001', '000001', 'ANALISIS DATA'),
('000002', '000001', 'Database Administrator'),
('000003', '000001', 'Helpdesk'),
('000004', '000001', 'IT Dekstop Programmer ( IDP )'),
('000005', '000001', 'IT Programmer'),
('000006', '000001', 'IT Technical Support'),
('000007', '000001', 'Programmer PHP'),
('000008', '000001', 'Senior IT'),
('000009', '000001', 'Staff IT'),
('000010', '000001', 'System Analist'),
('000011', '000001', 'Web Designer'),
('000012', '000001', 'Yunior IT'),
('000013', '000002', 'Auditor'),
('000014', '000002', 'Cashier'),
('000015', '000002', 'Funding Officer'),
('000016', '000002', 'INTERNAL AUDIT'),
('000017', '000002', 'Internal Audit'),
('000018', '000002', 'JUNIOR ACCOUNTING STAFF'),
('000019', '000002', 'PROSHOP'),
('000020', '000002', 'SENIOR ACCOUNTING'),
('000021', '000002', 'STAFF ACCOUNT RECEIVEABLE'),
('000022', '000002', 'Staff Accounting'),
('000023', '000002', 'STAFF DATA ANALYST'),
('000024', '000002', 'Staff Finance'),
('000025', '000002', 'STAFF FRONT END AUDIT'),
('000026', '000002', 'Tax Staff'),
('000027', '000002', 'Teller'),
('000028', '000036', 'Distribusi Center'),
('999999', '999999', 'Lainnya');

-- --------------------------------------------------------

--
-- Table structure for table `mskecamatan`
--

CREATE TABLE `mskecamatan` (
  `IDKecamatan` char(6) NOT NULL,
  `IDKabupaten` char(6) NOT NULL,
  `NamaKecamatan` varchar(45) DEFAULT NULL
) ENGINE=MyISAM DEFAULT CHARSET=latin1;

--
-- Dumping data for table `mskecamatan`
--

INSERT INTO `mskecamatan` (`IDKecamatan`, `IDKabupaten`, `NamaKecamatan`) VALUES
('000011', '', 'TAPOS'),
('000006', '', 'SUKMAJAYA'),
('000004', '', 'SAWANGAN'),
('000002', '', 'PANCORAN MAS'),
('000001', '', 'LUAR KOTA'),
('000005', '', 'LIMO'),
('000008', '', 'CIPAYUNG'),
('000010', '', 'CINERE'),
('000003', '', 'CIMANGGIS'),
('000009', '', 'CILODONG'),
('000012', '', 'BOJONGSARI'),
('000007', '', 'BEJI');

-- --------------------------------------------------------

--
-- Table structure for table `mskelurahan`
--

CREATE TABLE `mskelurahan` (
  `IDKelurahan` char(6) NOT NULL,
  `IDKecamatan` char(6) NOT NULL,
  `NamaKelurahan` varchar(45) NOT NULL
) ENGINE=MyISAM DEFAULT CHARSET=latin1;

--
-- Dumping data for table `mskelurahan`
--

INSERT INTO `mskelurahan` (`IDKelurahan`, `IDKecamatan`, `NamaKelurahan`) VALUES
('000064', '000012', 'DUREN SERIBU'),
('000063', '000012', 'DUREN MEKAR'),
('000062', '000012', 'CURUG'),
('000061', '000012', 'PONDOK PETIR'),
('000060', '000012', 'SERUA'),
('000059', '000012', 'BOJONG SARI BARU'),
('000058', '000012', 'BOJONG SARI'),
('000057', '000011', 'CIMPAEUN'),
('000056', '000011', 'CILANGKAP'),
('000055', '000011', 'JATIJAJAR'),
('000054', '000011', 'SUKAMAJU BARU'),
('000053', '000011', 'SUKATANI'),
('000052', '000011', 'LEUWINANGGUNG'),
('000051', '000011', 'TAPOS'),
('000050', '000010', 'PANGKALAN JATI BARU'),
('000049', '000010', 'PANGKALAN JATI'),
('000048', '000010', 'GANDUL'),
('000047', '000010', 'CINERE'),
('000046', '000009', 'JATIMULYA'),
('000045', '000009', 'KALIMULYA'),
('000044', '000009', 'KALIBARU'),
('000043', '000009', 'CILODONG'),
('000042', '000009', 'SUKAMAJU'),
('000041', '000008', 'PONDOK JAYA'),
('000040', '000008', 'BOJONG PONDOK TERONG'),
('000039', '000008', 'RATU JAYA'),
('000038', '000008', 'CIPAYUNG JAYA'),
('000037', '000008', 'CIPAYUNG'),
('000036', '000007', 'BEJI TIMUR'),
('000035', '000007', 'PONDOK CINA'),
('000034', '000007', 'KEMIRI MUKA'),
('000033', '000007', 'TANAH BARU'),
('000032', '000007', 'KUKUSAN'),
('000031', '000007', 'BEJI'),
('000030', '000006', 'TIRTA JAYA'),
('000029', '000006', 'CISALAK'),
('000028', '000006', 'BAKTIJAYA'),
('000027', '000006', 'MEKARJAYA'),
('000026', '000006', 'ABADIJAYA'),
('000025', '000006', 'SUKMAJAYA'),
('000024', '000005', 'LIMO'),
('000023', '000005', 'KRUKUT'),
('000022', '000005', 'GROGOL'),
('000021', '000005', 'MERUYUNG'),
('000020', '000004', 'KEDAUNG'),
('000019', '000004', 'SAWANGAN BARU'),
('000018', '000004', 'SAWANGAN'),
('000017', '000004', 'CINANGKA'),
('000016', '000004', 'PENGASINAN'),
('000015', '000004', 'BEDAHAN'),
('000014', '000004', 'PASIR PUTIH'),
('000013', '000003', 'CISALAK PASAR'),
('000012', '000003', 'PASIR GUNUNG SELATAN'),
('000011', '000003', 'MEKARSARI'),
('000010', '000003', 'TUGU'),
('000009', '000003', 'CURUG'),
('000008', '000003', 'HARJA MUKTI'),
('000007', '000002', 'RANGKAPAN JAYA'),
('000006', '000002', 'RANGKAPAN JAYA BARU'),
('000005', '000002', 'MAMPANG'),
('000004', '000002', 'PANCORAN MAS'),
('000003', '000002', 'DEPOK JAYA'),
('000002', '000002', 'DEPOK'),
('000001', '000001', 'LUAR KOTA');

-- --------------------------------------------------------

--
-- Table structure for table `mslowongan`
--

CREATE TABLE `mslowongan` (
  `IDLowongan` char(6) NOT NULL,
  `IDPerusahaan` char(6) NOT NULL,
  `IDPosisiJabatan` char(6) NOT NULL,
  `IDKeahlian` char(6) NOT NULL,
  `IDStatusPendidikan` char(6) NOT NULL,
  `IDJenisPengupahan` char(6) NOT NULL,
  `IDStatusHubunganKerja` char(6) NOT NULL,
  `TglBerlaku` date NOT NULL,
  `TglBerakhir` date NOT NULL,
  `NamaLowongan` varchar(45) NOT NULL,
  `UraianPekerjaan` varchar(45) NOT NULL,
  `UraianTugas` varchar(45) NOT NULL,
  `Penempatan` varchar(45) NOT NULL,
  `BatasUmur` tinyint(4) NOT NULL,
  `JmlPria` decimal(18,0) NOT NULL,
  `JmlWanita` decimal(18,0) NOT NULL,
  `Jurusan` varchar(45) NOT NULL,
  `Pengalaman` text NOT NULL,
  `SyaratKhusus` text NOT NULL,
  `GajiPerbulan` decimal(18,0) NOT NULL,
  `JamKerjaSeminggu` decimal(18,0) NOT NULL,
  `RegisterDate` datetime NOT NULL
) ENGINE=MyISAM DEFAULT CHARSET=latin1;

-- --------------------------------------------------------

--
-- Table structure for table `msnews`
--

CREATE TABLE `msnews` (
  `IDNews` char(6) NOT NULL,
  `TglNews` date NOT NULL,
  `NewsDetail` text NOT NULL
) ENGINE=MyISAM DEFAULT CHARSET=latin1;

-- --------------------------------------------------------

--
-- Table structure for table `mspencaker`
--

CREATE TABLE `mspencaker` (
  `IDPencaker` char(6) NOT NULL,
  `IDUser` char(6) NOT NULL,
  `IDKelurahan` char(6) NOT NULL,
  `IDAgama` char(6) NOT NULL,
  `IDStatusPernikahan` char(6) NOT NULL,
  `IDStatusPendidikan` char(6) NOT NULL,
  `IDPosisiJabatan` char(6) NOT NULL,
  `NomorIndukPencaker` varchar(50) NOT NULL,
  `NamaPencaker` varchar(50) NOT NULL,
  `TempatLahir` varchar(50) NOT NULL,
  `TglLahir` date NOT NULL,
  `JenisKelamin` tinyint(1) NOT NULL,
  `Email` varchar(50) NOT NULL,
  `Telepon` varchar(50) NOT NULL,
  `Alamat` text NOT NULL,
  `KodePos` varchar(50) NOT NULL,
  `Kewarganegaraan` tinyint(1) NOT NULL,
  `Jurusan` varchar(50) NOT NULL,
  `Keterampilan` varchar(50) NOT NULL,
  `NEMIPK` tinyint(1) NOT NULL,
  `Nilai` varchar(50) NOT NULL,
  `TahunLulus` varchar(4) NOT NULL,
  `TinggiBadan` varchar(50) NOT NULL,
  `BeratBadan` varchar(50) NOT NULL,
  `Keterangan` text NOT NULL,
  `Lokasi` tinyint(1) NOT NULL,
  `UpahYangDicari` varchar(50) NOT NULL,
  `ExpiredDate` date NOT NULL,
  `RegisterDate` datetime NOT NULL,
  `NomerPenduduk` varchar(50) NOT NULL
) ENGINE=MyISAM DEFAULT CHARSET=latin1;

--
-- Dumping data for table `mspencaker`
--

INSERT INTO `mspencaker` (`IDPencaker`, `IDUser`, `IDKelurahan`, `IDAgama`, `IDStatusPernikahan`, `IDStatusPendidikan`, `IDPosisiJabatan`, `NomorIndukPencaker`, `NamaPencaker`, `TempatLahir`, `TglLahir`, `JenisKelamin`, `Email`, `Telepon`, `Alamat`, `KodePos`, `Kewarganegaraan`, `Jurusan`, `Keterampilan`, `NEMIPK`, `Nilai`, `TahunLulus`, `TinggiBadan`, `BeratBadan`, `Keterangan`, `Lokasi`, `UpahYangDicari`, `ExpiredDate`, `RegisterDate`, `NomerPenduduk`) VALUES
('000007', '000011', '000007', '000002', '000001', '000012', '000001', '72000001-06-09-2017', 'Chloro Rusifuru', 'Meteor City', '1995-01-01', 0, 'arif.rzlm@gmail.com', '007', 'Zaban', '', 0, '000013', 'Memasak', 1, '4.0', '2017', '180', '80', 'Cerdas', 2, '150000000', '2017-10-06', '2017-09-06 10:37:50', '3276910293846'),
('000006', '000009', '000008', '000003', '000003', '000004', '000004', '83000002-06-09-2017', 'saiful bahri ', 'kediri', '1990-01-01', 0, 'saiful.bahri.ag@gmail.com', '32764873264', 'kediri', '23423', 0, '000006', 'memasak', 0, '90', '2017', '170', '60', 'siap kerja', 0, '10000000', '2017-10-06', '2017-09-06 10:18:58', '3276097234972834611'),
('000005', '000009', '000057', '000005', '000001', '000012', '000001', '5711000001-06-09-2017', 'Chloro Lucilfer', 'Meteor City', '1990-01-01', 0, 'adieb.darmawan@gmail.com', '007', 'Bumi', '', 0, '000014', '', 1, '4.0', '2017', '180', '80', '', 1, '90000000', '2017-10-06', '2017-09-06 10:18:36', '5711000001-06-09-2017'),
('000001', '000001', '000005', '000001', '000001', '000009', '000004', '52000001-06-09-2017', 'Abraham darmawan', 'Bekasi', '1988-01-01', 0, 'one.united.solution@gmail.com', '08156666222', 'Jalan yang lurus', '', 0, '000001', '', 0, '', '2017', '0', '0', '', 0, '10000000', '2017-10-06', '2017-09-06 09:26:26', '52000001-06-09-2017'),
('000004', '000008', '000021', '000001', '000004', '000009', '000004', '215000001-06-09-2017', 'Kamtumi rejeki utami', 'Sorong', '1989-01-01', 1, 'kamtumi.rejeki.utami@gmail.com', '08156666222', 'Jalan yang benar', '', 0, '000008', '', 0, '', '2017', '0', '0', '', 0, '10000000', '2017-10-06', '2017-09-06 09:50:46', '215000001-06-09-2017'),
('000003', '000007', '000021', '000003', '000002', '000005', '000005', '215000002-06-09-2017', 'arfan prayogo', 'kediri', '1990-01-01', 0, 'arfanprayogo@gmail.com', '324234234', 'kediri', '23423', 0, '', 'memasak', 0, '90', '2017', '190', '80', 'siap kerja', 0, '90', '2017-10-06', '2017-09-06 09:42:49', '215000002-06-09-2017'),
('000008', '000015', '000004', '000001', '000002', '000003', '000004', '42000002105610-06-09-2017', 'didin tri', 'kediri', '1990-01-01', 0, 'didintri196@gmail.com', '343245', 'kediri', '23423', 0, '000005', 'memasak', 0, '190', '2017', '90', '80', 'siap', 0, '10000000', '2017-10-06', '2017-09-06 10:57:47', '327684375934875'),
('000009', '000016', '000029', '000001', '000002', '000010', '000004', '296000002110304-06-09-2017', 'Ging Freecs', 'Sudan', '1990-01-01', 0, 'arif.univox@gmail.com', '000878', 'Pulau Paus', '10000', 0, '000015', 'Menulis', 1, '3.98', '2017', '170', '87', '', 2, '10000000', '2017-10-06', '2017-09-06 11:04:03', '3276010101010'),
('000016', '000023', '000044', '000001', '000002', '000009', '000005', '449000017133030-06-09-2017', 'TRI KARYA HERLINA', 'Jakarta ', '1984-10-04', 1, 'triherlina1234@gmail.com', '085282732600', 'Jl.Mandor samin Gg H.Saleh Perumahan Bhumi Huasada Indah blok c no. 1 rt 06/ rw 06 Kalibaru Cilodong Depok Jawa Barat 16414', '16414', 0, '000053', 'Dapat mengoperasikan komputer  ms.office, paham de', 1, '2.91', '2011', '150', '56', '', 0, '3', '2017-10-06', '2017-09-06 13:51:58', '3171034410840009'),
('000011', '000019', '000056', '000001', '000001', '000009', '000005', '5611000003111611-06-09-2017', 'Gading Kartika', 'Bogor', '1993-11-07', 0, 'gadingkartiko@gmail.com', '082135800916', 'Kp. Banjaran Pucung RT 06 RW 05 Kel. Cilangkap Kec. Tapos Depok', '16465', 0, '000023', '', 1, '3.31', '2016', '180', '65', '', 2, '4', '2017-10-06', '2017-09-06 11:49:49', '3276020711930001'),
('000012', '000020', '000053', '000001', '000001', '000004', '000006', '5311000004114448-06-09-2017', 'Narantaka wahyu ', 'Depok', '1990-01-01', 0, 'Narantaka11@gmail.com', '0895 2784 1665', 'Kp.babakan sukatani rt.08/022 kec.tapos Depok', '16954', 0, '000981', 'Otomotif', 0, '272,5', '2017', '170', '50', 'Fresh graduate', 0, '3', '2017-10-06', '2017-09-06 11:49:56', '3276102907990001'),
('000013', '000021', '000038', '000001', '000001', '000008', '000005', '388000007124455-06-09-2017', 'Arif budiman', 'bogor', '1992-10-23', 0, 'arif.budiman1211@gmail.com', '0895704592118', 'Jl.masjid assalafiah rt 02/04', '16431', 0, '000041', 'web programing', 1, '2.98', '2016', '177', '65', '', 0, '4000000', '2017-10-06', '2017-09-06 13:04:24', '3276072310920001'),
('000014', '000021', '000035', '000001', '000001', '000009', '000018', '357000005122431-06-09-2017', 'Dhio Prastyo', 'Jakarta', '1991-02-26', 0, 'dhio26prastyo@gmail.com', '082213020663', 'Gg. Kober, Jl. Mawar Raya Rt/Rw 04/04', '16424', 0, '000599', 'IT, Admin, CS', 1, '3.00', '2013', '176', '82', '', 0, '3500000', '2017-10-06', '2017-09-06 13:07:07', '3276062602910004'),
('000015', '000022', '000049', '000002', '000001', '000006', '000006', '4910000010131743-06-09-2017', 'bambang coba', 'kediri', '1990-01-01', 0, 'bandungbambang9@gmail.com', '76483746837687', 'kediri', '2123', 0, '', 'oke siap kerja', 0, '90', '2017', '120', '8', 'oke siap kerja', 0, '2000000', '2017-10-06', '2017-09-06 13:21:15', '327692384723089'),
('000017', '000024', '000042', '000001', '000001', '000009', '000005', '429000012132406-06-09-2017', 'mahesha surya wira r', 'magelang', '1995-02-26', 0, 'maheshasuryawirar@gmail.com', '085770247883', 'Pondok Tirta Mandala ,jl.wibisana blok  L no : 2', '16415', 0, '000599', 'Microsoft office, trouble shooting, ', 1, '3.25', '2016', '168', '76', 'Saya bisa bekerja secara tim maupun personal', 0, '4', '2017-10-06', '2017-09-06 13:58:23', '3276052602950007'),
('000018', '000025', '000037', '000001', '000001', '000009', '000007', '378000025133953-06-09-2017', 'Anisa Nur Fajri', 'Depok ', '1995-07-25', 1, 'anisanurfajri@gmail.com', '085714188680', 'Jl.Raya Pitara jembatan Merah GG. H. Nian RT.03/03 No. 95', '16439', 0, '000013', 'Memahami ilmu gizi dan mengerti komputer', 1, '2.96', '2017', '154', '53', 'Pernah bekerja di Apotek sebagai Asisten Apoteker selama 2 tahun', 0, '4000', '2017-10-06', '2017-09-06 14:00:22', '3276066507950001'),
('000019', '000026', '000010', '000001', '000001', '000004', '999999', '103000021133305-06-09-2017', 'Muhammad hawin ismai', 'Jakarta', '1999-01-26', 0, 'hawinm588@gmail.com', '081318030824', 'Jl.RTM Gg.H.Siran No.147', '16451', 0, '000112', 'Nautika kapal niaga', 0, '5,7', '2017', '175', '70', '', 0, '0', '2017-10-06', '2017-09-06 14:02:19', '3276022601990004'),
('000020', '000026', '000012', '000001', '000001', '000004', '999999', '123000014132952-06-09-2017', 'Prima bintang herism', 'Bandung', '1999-04-16', 0, 'Primabintangherismansyah@yahoo.com', '081321086590', 'Jl.pembangunan no.10 komp.hankam', '16451', 0, '000112', 'Nautika kapal penangkap ikan', 0, '64,03', '2017', '178', '63', '', 0, '0', '2017-10-06', '2017-09-06 14:04:08', '3276021604990012'),
('000021', '000026', '000037', '000001', '000001', '000005', '999999', '378000043142334-06-09-2017', 'Irham Prayuda R', 'Bogor', '0000-00-00', 0, 'irhamprayudaramadhan@gmail.com', '089659199209', 'Jl. Jembatan serong Rt 06/02 No 73', '16431', 0, '000031', '', 0, '3325', '2017', '165', '45', '', 0, '3', '2017-10-06', '2017-09-06 14:24:05', '3276011601980001'),
('000022', '000027', '000037', '000001', '000001', '000005', '999999', '378000052143404-06-09-2017', 'Irham Prayuda R', 'Bogor', '1998-01-16', 0, 'irhamprayudaramadhan@gmail.com', '089659199209', 'Jl. Jembatan serong Rt 06/02 No 73', '16431', 0, '000031', '', 0, '3325', '2017', '165', '45', '', 0, '3', '2017-10-06', '2017-09-06 14:35:38', '3276011601980001'),
('000023', '000028', '000021', '000001', '000001', '000004', '999999', '215000054095516-07-09-2017', 'Monica Iriani Safira', 'Jakarta', '1999-03-13', 1, 'monicairianisafira13@gmail.com', '081299071167', 'Komplek lemigas blok H11 rt03 rw09', '16515', 0, '000021', 'Dapat berkomunikasi dengan baik, dapat bekerjasama', 0, '28', '2017', '161', '56', '', 0, '3', '2017-10-07', '2017-09-07 10:10:29', '3276045303990008'),
('000024', '000029', '000028', '000001', '000001', '000004', '000011', '286000053095442-07-09-2017', 'Rania Sari', 'Magelang', '1998-12-23', 1, 'raniasari744@gmail.com', '089656910372', 'Kp Sugutamu Rt.05 Rw.028', '16418', 0, '000012', '', 0, '243', '2017', '157', '45', '', 0, '3', '2017-10-07', '2017-09-07 10:17:28', '3276056611950008'),
('000025', '000029', '000013', '000001', '000001', '000004', '999999', '133000056102513-07-09-2017', 'muhammad ali ridho', 'depok', '1998-09-04', 0, 'muhamadaliridho815@yahoo.com', '089620797674', 'jl.gadok raya rt.04/06 no.30', '16458', 0, '000062', 'operasi myob', 0, '91', '2017', '166', '50', '', 0, '0', '2017-10-07', '2017-09-07 10:44:21', '3276020409980007'),
('000026', '000030', '000004', '000001', '000001', '000004', '000014', '42000055102119-07-09-2017', 'Ahmad Zaini', 'Jakarta', '1998-06-27', 0, 'jiegemnaksengon@gmail.com', '0895398396995', 'Jalan. Pindahan 2 rt 07/10 kelurahan pamcoran mas depok', '16436', 0, '000024', 'melayani', 0, '', '2017', '170', '49', '', 0, '1', '2017-10-07', '2017-09-07 10:50:21', '3174052706980009'),
('000027', '000031', '000013', '000001', '000001', '000004', '000006', '133000054101946-07-09-2017', 'wahyu setiawan', 'BOGOR', '1998-01-26', 0, 'wahyusetiawan1933@yahoo.com', '0895354622032', 'Jl. Gadok Raya RT 04/07 Kel. Cisalak Pasar Kec. Cimanggis Kota Depok', '16458', 0, '000285', 'Merakit mesin', 0, '5,5', '2016', '163', '55', '', 0, '0', '2017-10-07', '2017-09-07 10:53:06', '3276022601980006'),
('000028', '000032', '000047', '000001', '000001', '000004', '000005', '4710000080104632-07-09-2017', 'septian dwi argatama', 'jakarta', '1994-09-27', 0, 'septyanargatama2794@gmail.com', '089638634251', 'jl. lereng indah rt 01 rw12 cinere depok', '16514', 0, '000029', 'menguasai msvoffice', 0, '', '2011', '173', '65', '', 0, '3500000', '2017-10-07', '2017-09-07 10:56:38', '3276042709940001'),
('000029', '000033', '000040', '000001', '000001', '000004', '000005', '408000085110230-07-09-2017', 'Revi Muhtar', 'Depok', '1999-03-08', 1, 'reviiafr@gmail.com', '085886630757', 'jl. masjid al ittihad rt. 005/004 no. 13', '16444', 0, '000281', 'Multimedia', 0, '29,2', '2017', '163', '50', '', 0, '0', '2017-10-07', '2017-09-07 11:09:41', '3276074803990001'),
('000030', '000034', '000030', '000001', '000001', '000009', '000005', '306000108111855-07-09-2017', 'Rosi Rosmawati', 'Banjarnegara', '1995-05-02', 1, 'Rosmawati.ochy02@gmail.com', '089638706131', 'Kp.parung serab\nRt 04/002 No.51A', '16412', 0, '000215', '', 1, '3.66', '2017', '156', '52', '', 0, '3', '2017-10-07', '2017-09-07 11:21:35', '3276054205950007'),
('000031', '000034', '000010', '000001', '000001', '000009', '000005', '103000098111256-07-09-2017', 'Ria Yoni Pratiwi', 'Bogor', '1995-05-29', 1, 'yonaykingdom@gmail.com', '083877523122', 'Kp. Areman rt.08/07 no.13b', '16451', 0, '000042', 'Ms. Office', 1, '3.49', '2017', '156', '50', '', 0, '3', '2017-10-07', '2017-09-07 11:24:12', '3276026905950009'),
('000032', '000034', '000029', '000001', '000001', '000009', '000005', '296000106111849-07-09-2017', 'Dwy Nurkomariah', 'Bogor', '1995-10-20', 1, 'dwynurkomariah913@gmail.com', '087878853223', 'gg.masjid al-ishlah rt02/06 no23', '16416', 0, '000042', '', 1, '3.19', '2017', '155', '49', '', 0, '3', '2017-10-07', '2017-09-07 11:30:40', '3276056010950003'),
('000033', '000034', '000063', '000001', '000001', '000008', '999999', '6312000104111639-07-09-2017', 'Nur Intan Fitria', 'Bogor', '1997-02-04', 1, 'Nurintanfitria@gmail.com', '085717369614', 'Parung kulon rt04/06 no.27', '16518', 0, '000034', 'Speaking in English (Basic), Public Speaker, Medic', 1, '3.34', '2017', '157', '43', '', 0, '3', '2017-10-07', '2017-09-07 11:36:53', '3276034402970005'),
('000034', '000034', '000016', '000001', '000001', '000008', '999999', '164000105111709-07-09-2017', 'Sakilah', 'Bogor', '1996-05-03', 1, 'Sakilahkiki45@gmail.com', '082299042146', 'Pengasinan RT 02/03 ', '16518', 0, '000034', 'Kebidanan', 1, '3,38', '2017', '157', '49', '', 0, '3', '2017-10-07', '2017-09-07 11:48:39', '3276034305960004'),
('000035', '000334', '000022', '000001', '000001', '000009', '000005', '225000101111537-07-09-2017', 'Citra Rosdiana', 'Sumedang', '1994-11-09', 1, 'rosdiana.citra15@gmail.con', '0816522542', 'Komplek Cinere Park View Blok D1 Rt 001/003', '16512', 0, '000023', 'Ms.Office , Windows, Photoshop', 1, '3.23', '2017', '163', '52', '', 0, '4000000', '2017-10-07', '2017-09-07 12:00:33', '3211104911940005'),
('000036', '000335', '000039', '000001', '000001', '000004', '000005', '398000081104709-07-09-2017', 'dwi shanti', 'depok', '1998-05-21', 1, 'dwishanti21@gmail.com', '081543484761', 'Kp.rawageni rt.02rw.02 no.15 kota depok', '16445', 0, '000281', 'ms.woard/office', 0, '', '2017', '155', '40', 'Baru lulus blm ada ijazah', 0, '3000000', '2017-10-07', '2017-09-07 12:06:00', '3276076105980003'),
('000037', '000035', '000039', '000001', '000001', '000004', '000014', '398000065104028-07-09-2017', 'Dwi Shinta', 'Depok', '1998-05-21', 1, 'dwishinta98@gmail.com', '085711926893', 'Kp rawageni rt02 rw 02 kel ratu jaya kec cipayung kota depok 16445 no 15', '16445', 0, '000280', 'ms.woard', 0, '', '2017', '155', '39', 'Baru lulus blm ada ijazah', 0, '3000000', '2017-10-07', '2017-09-07 12:09:38', '32760710590002'),
('000038', '000336', '000001', '000001', '000001', '000004', '000005', '012000084105314-07-09-2017', 'indah sundari', 'bogor', '1999-07-30', 1, 'indhsundari161@gmail.com', '089613895527', 'Jl.h.nidi serua kp.baru rt.05/02 bojongsari depok', '16431', 0, '000341', 'ms.woard/office', 0, '51.1', '2017', '155', '41', 'Baru lulus', 0, '3000000', '2017-10-07', '2017-09-07 12:38:34', '3276117007990001'),
('000039', '000001', '000011', '000001', '000001', '000009', '000005', '113000112120918-07-09-2017', 'Putri maya sulistian', 'Jakarta', '1994-05-15', 1, 'putrimaya986@gmail.com', '087880003547', 'Kp. Palsigunung rt002/002 mekarsari cimanggis depok', '16951', 0, '000023', 'Marketing', 1, '3.26', '2016', '160', '52', '', 0, '4', '2017-10-07', '2017-09-07 13:44:06', '3276025505940011');

-- --------------------------------------------------------

--
-- Table structure for table `mspencakertemp`
--

CREATE TABLE `mspencakertemp` (
  `IDPencakerTemp` char(6) NOT NULL,
  `Username` varchar(20) NOT NULL,
  `Password` varchar(20) NOT NULL,
  `IDKelurahan` char(6) NOT NULL,
  `IDAgama` char(6) NOT NULL,
  `IDStatusPernikahan` char(6) NOT NULL,
  `IDStatusPendidikan` char(6) NOT NULL,
  `IDPosisiJabatan` char(6) NOT NULL,
  `NomorIndukPencaker` varchar(50) NOT NULL,
  `NamaPencaker` varchar(50) NOT NULL,
  `TempatLahir` varchar(50) NOT NULL,
  `TglLahir` date NOT NULL,
  `JenisKelamin` tinyint(1) NOT NULL,
  `Email` varchar(50) NOT NULL,
  `Telepon` varchar(50) NOT NULL,
  `Alamat` text NOT NULL,
  `KodePos` varchar(50) NOT NULL,
  `Kewarganegaraan` tinyint(1) NOT NULL,
  `Jurusan` varchar(50) NOT NULL,
  `Keterampilan` varchar(50) NOT NULL,
  `NEMIPK` tinyint(1) NOT NULL,
  `Nilai` varchar(50) NOT NULL,
  `TahunLulus` varchar(4) NOT NULL,
  `TinggiBadan` varchar(50) NOT NULL,
  `BeratBadan` varchar(50) NOT NULL,
  `Keterangan` text NOT NULL,
  `Lokasi` tinyint(1) NOT NULL,
  `UpahYangDicari` varchar(50) NOT NULL,
  `RegisterDate` datetime NOT NULL,
  `NomerPenduduk` varchar(50) NOT NULL
) ENGINE=MyISAM DEFAULT CHARSET=latin1;

--
-- Dumping data for table `mspencakertemp`
--

INSERT INTO `mspencakertemp` (`IDPencakerTemp`, `Username`, `Password`, `IDKelurahan`, `IDAgama`, `IDStatusPernikahan`, `IDStatusPendidikan`, `IDPosisiJabatan`, `NomorIndukPencaker`, `NamaPencaker`, `TempatLahir`, `TglLahir`, `JenisKelamin`, `Email`, `Telepon`, `Alamat`, `KodePos`, `Kewarganegaraan`, `Jurusan`, `Keterampilan`, `NEMIPK`, `Nilai`, `TahunLulus`, `TinggiBadan`, `BeratBadan`, `Keterangan`, `Lokasi`, `UpahYangDicari`, `RegisterDate`, `NomerPenduduk`) VALUES
('000006', 'Maulana Yusup Ibrohi', 'maulana1998', '000013', '000001', '000001', '000005', '999999', '133000006122437-06-09-2017', 'Maulana Yusup Ibrohi', 'Brebes', '1998-03-09', 0, 'myusupibrohim@gmail.com', '089613266157', 'Jl.koja Rt 005/003 cisalak pasar', '', 0, '000029', 'Bisa megoprasikan komputer', 0, '', '2016', '170', '68', '', 0, '0', '2017-09-06 12:24:37', '3276020903980012'),
('000009', 'slazeer', 's1a2f3a4', '000027', '000001', '000001', '000009', '000005', '276000009131609-06-09-2017', 'Sandhi Ahsani Taqwim', 'Jakarta', '1995-06-08', 0, 'sandhiahsani@yahoo.com', '081319003523', 'Pesona Khayangan Blok Ch No. 18', '16411', 0, '000023', 'Perdagangan Internasional', 1, '3.4', '2017', '175', '88', '', 2, '5000000', '2017-09-06 13:16:09', '3276050806950011'),
('000004', 'Narantaka wahyu cahy', 'narantaka11', '000053', '000001', '000001', '000004', '000006', '5311000004114448-06-09-2017', 'Narantaka wahyu ', 'Depok', '1990-01-01', 0, 'Narantaka11@gmail.com', '0895 2784 1665', 'Kp.babakan sukatani rt.08/022 kec.tapos Depok', '16954', 0, '000981', 'Otomotif', 0, '272,5', '2017', '170', '50', 'Fresh graduate', 0, '3', '2017-09-06 11:44:48', '3276102907990001'),
('000010', 'Wahyu hidayat', 'karim180811', '000002', '000001', '000001', '000009', '999999', '22000010132307-06-09-2017', 'Wahyu Hidayat', 'Saning Bakar', '1995-05-04', 0, 'wahyu995hidayat@gmail.com ', '081285890495', 'Jl. Masjid Lio', '', 0, '000122', 'Autocad, Photoshop, sketchup', 1, '3.21', '2017', '173', '60', '', 2, '4000000', '2017-09-06 13:23:07', '1302120405950004'),
('000001', 'rusifuru', '1234', '000007', '000002', '000001', '000012', '000001', '72000001-06-09-2017', 'Chloro Rusifuru', 'Meteor City', '1995-01-01', 0, 'arif.rzlm@gmail.com', '007', 'Zaban', '', 0, '000013', 'Memasak', 1, '4.0', '2017', '180', '80', 'Cerdas', 2, '150000000', '2017-09-06 10:35:33', '3276910293846'),
('000002', 'Ade Nurdin', 'asawalu', '000053', '000001', '000001', '000004', '000005', '5311000002111303-06-09-2017', 'Ade Nurdin', 'Bogor', '1998-08-18', 0, 'melidestiani14@gmail.com', '081385360846', 'Jl. Kapitan raya RT03/04 No 37\nSukatani, Tapos, Depok', '16454', 0, '000050', 'bisa mengoperasikan komputer', 0, '', '2016', '170', '55', '-', 0, '2500000', '2017-09-06 11:13:03', '3276021808980006'),
('000007', 'arifbudiman', '12345678', '000038', '000001', '000001', '000008', '000005', '388000007124455-06-09-2017', 'Arif budiman', 'bogor', '1992-10-23', 0, 'arif.budiman1211@gmail.com', '0895704592118', 'Jl.masjid assalafiah rt 02/04', '16431', 0, '000041', 'web programing', 1, '2.98', '2016', '177', '65', '', 0, '4000000', '2017-09-06 12:44:55', '3276072310920001'),
('000011', 'Wahyu hidayat', 'karim180811', '000002', '000001', '000001', '000009', '999999', '22000011132317-06-09-2017', 'Wahyu Hidayat', 'Saning Bakar', '1995-05-04', 0, 'wahyu995hidayat@gmail.com ', '081285890495', 'Jl. Masjid Lio', '', 0, '000122', 'Autocad, Photoshop, sketchup', 1, '3.21', '2017', '173', '60', '', 2, '4000000', '2017-09-06 13:23:17', '1302120405950004'),
('000042', 'Tri Wijayanti', 'cozican', '', '000001', '', '', '999999', '00000042142119-06-09-2017', 'Tri Wijayanti', 'Pekalongan ', '1996-10-04', 1, '', '', '', '', 0, '', '', 0, '', '2017', '0', '0', '', 0, '0', '2017-09-06 14:21:19', '3276054410930004'),
('000013', 'Wahyu hidayat', 'wahyuhidayat', '', '000001', '000001', '000009', '999999', '02000013132515-06-09-2017', 'Wahyu Hidayat', 'Saning Bakar', '1995-05-04', 0, 'wahyu995hidayat@gmail.com ', '081285890495', 'Jl. Masjid Lio', '', 0, '000122', 'Autocad, Photoshop, sketchup', 1, '3.21', '2017', '173', '60', '', 2, '4000000', '2017-09-06 13:25:15', '1302120405950004'),
('000014', 'Prima bintang herism', 'bandung16', '000012', '000001', '000001', '000004', '999999', '123000014132952-06-09-2017', 'Prima bintang herism', 'Bandung', '1999-04-16', 0, 'Primabintangherismansyah@yahoo.com', '081321086590', 'Jl.pembangunan no.10 komp.hankam', '16451', 0, '000112', 'Nautika kapal penangkap ikan', 0, '64,03', '2017', '178', '63', '', 0, '0', '2017-09-06 13:29:52', '3276021604990012'),
('000015', 'Muhammad hawin ismai', '26011999', '000010', '000001', '000001', '000004', '999999', '103000015132954-06-09-2017', 'Muhammad hawin ismai', 'Jakarta', '1999-01-26', 0, 'hawinm588@gmail.com', '081318030824', 'Jl.RTM Gg.H.Siran No.147', '16451', 0, '000112', 'Nautika kapal niaga', 0, '5,7', '2017', '175', '70', '', 0, '0', '2017-09-06 13:29:54', '3276022601990004'),
('000016', 'Ismiatulk', 'ismiah116', '000004', '000001', '000001', '000005', '999999', '42000016132956-06-09-2017', 'Ismiatul Khasanah ', 'Bandung', '1999-05-16', 1, 'ismiyatuulhaasnaahadjjah@gmail.com', '083872541961', 'Jl kp lio', '16420', 0, '000012', 'Kearsipan, microsost, komunikasi, pembukuan', 0, '85', '2017', '158', '59', '', 0, '0', '2017-09-06 13:29:56', '3213244505990004'),
('000033', 'Santoso11', 'santoso214', '000026', '000003', '000001', '000004', '000018', '266000033135410-06-09-2017', 'Santoso Tri Indra P', 'Ngawi', '1996-07-20', 0, 'Santosorpl@gmail.com', '081393637623', 'Jl. Proklamasi no22 depok 2 ', '', 0, '000281', 'Komputer', 0, '28', '2017', '172', '69', '', 0, '4', '2017-09-06 13:54:10', '3275012007960019'),
('000018', 'Wahyu hidayat', 'karim180811', '', '000001', '000001', '000009', '999999', '02000018133158-06-09-2017', 'Wahyu Hidayat', 'Saning Bakar', '1995-05-04', 0, 'wahyu995hidayat@gmail.com ', '081285890495', 'Jl. Masjid Lio', '16436', 0, '000122', 'Autocad, Photoshop, sketchup', 1, '3.21', '2017', '173', '60', '', 2, '4000000', '2017-09-06 13:31:58', '1302120405950004'),
('000019', 'Muhammad hawin ismai', '26011999', '', '000001', '000001', '000004', '999999', '03000019133207-06-09-2017', 'Muhammad hawin ismai', 'Jakarta', '1999-01-26', 0, 'hawinm588@gmail.com', '081318030824', 'Jl.RTM Gg.H.Siran No.147', '16451', 0, '000112', 'Nautika kapal niaga', 0, '5,7', '2017', '175', '70', '', 0, '0', '2017-09-06 13:32:07', '3276022601990004'),
('000020', 'rudimulyadi', '17081945pas', '000063', '', '', '000004', '999999', '6312000020133232-06-09-2017', 'rudi mulyadi', 'bogor', '1990-10-03', 0, 'roedie7x@gmail.com', '088213077493', 'parung tengah rt4/3 duren mekar, bojongsari, depok', '', 0, '000057', 'desain ', 0, '31', '2009', '167', '60', '', 0, '0', '2017-09-06 13:32:32', '3276030310900005'),
('000021', 'Muhammad hawin ismai', '26011999', '000010', '000001', '000001', '000004', '999999', '103000021133305-06-09-2017', 'Muhammad hawin ismai', 'Jakarta', '1999-01-26', 0, 'hawinm588@gmail.com', '081318030824', 'Jl.RTM Gg.H.Siran No.147', '16451', 0, '000112', 'Nautika kapal niaga', 0, '5,7', '2017', '175', '70', '', 0, '0', '2017-09-06 13:33:05', '3276022601990004'),
('000022', 'rudimulyadi', '17081945pas', '000063', '', '', '000004', '999999', '6312000022133458-06-09-2017', 'rudi mulyadi', 'bogor', '1990-10-03', 0, 'roedie7x@gmail.com', '088213077493', 'parung tengah rt4/3 duren mekar, bojongsari, depok', '', 0, '000057', 'desain ', 0, '31', '2009', '167', '60', '', 0, '0', '2017-09-06 13:34:58', '3276030310900005'),
('000023', 'rudimulyadi', '17081945pas', '000063', '000001', '000001', '000004', '999999', '6312000023133649-06-09-2017', 'rudi mulyadi', 'bogor', '1990-10-03', 0, 'roedie7x@gmail.com', '088213077493', 'parung tengah rt4/3 duren mekar, bojongsari, depok', '', 0, '000057', 'desain ', 0, '31', '2009', '167', '60', '', 0, '0', '2017-09-06 13:36:49', '3276030310900005'),
('000024', 'rudimulyadi', '17081945pas', '000063', '000001', '000001', '000004', '999999', '6312000024133816-06-09-2017', 'rudi mulyadi', 'bogor', '1990-10-03', 0, 'roedie7x@gmail.com', '088213077493', 'parung tengah rt4/3 duren mekar, bojongsari, depok', '', 0, '000057', 'desain ', 0, '31', '2009', '167', '60', '', 0, '0', '2017-09-06 13:38:16', '3276030310900005'),
('000039', 'Wisnuaditia', 'phytagor45', '000042', '000001', '000001', '000004', '000005', '429000039141557-06-09-2017', 'Wisnu Aditia try Sap', 'Jakarta', '1992-09-14', 0, 'wisnuaditya@live.com', '083813236582', 'depok', '16415', 0, '000050', 'Perhotelan dan pariwisata', 0, '', '2010', '169', '64', '', 0, '0', '2017-09-06 14:15:57', '3276081409920001'),
('000041', '', '', '', '', '', '', '999999', '00000041141908-06-09-2017', '', '', '1990-01-01', 0, '', '', '', '', 0, '', '', 0, '', '2017', '0', '0', '', 0, '0', '2017-09-06 14:19:08', ''),
('000026', 'imamsyaronii', 'imam kenyii', '000001', '000001', '000001', '000005', '999999', '11000026134235-06-09-2017', 'imam syahroni', 'pati', '1998-05-07', 0, 'imamkenyii@gmail.com', '08980163610', 'Duren sawit', '', 0, '000031', '', 0, '', '2017', '0', '0', '', 0, '0', '2017-09-06 13:42:35', ''),
('000027', 'imamsyaronii', 'imam kenyii', '000001', '000001', '000001', '000005', '999999', '11000027134301-06-09-2017', 'imam syahroni', 'pati', '1998-05-07', 0, 'imamkenyii@gmail.com', '08980163610', 'Duren sawit', '', 0, '000031', '', 0, '', '2017', '0', '0', '', 0, '0', '2017-09-06 13:43:01', ''),
('000028', 'imamsyaronii', 'imam kenyii', '000001', '000001', '000001', '000005', '999999', '11000028134409-06-09-2017', 'imam syahroni', 'pati', '1998-05-07', 0, 'imamkenyii@gmail.com', '08980163610', 'Duren sawit', '', 0, '000031', '', 0, '', '2017', '0', '0', '', 0, '0', '2017-09-06 13:44:09', ''),
('000029', 'Adi', 'TvTOKYO20', '000001', '000001', '000001', '000007', '000005', '11000029134718-06-09-2017', 'Adi Firmansah', 'Jakarta', '1997-08-12', 0, 'adi12firmansah@gmail.com', '085715937509', 'Jl.H.Jian', '12150', 0, '000056', 'c# Programmer', 1, '3.46', '2017', '170', '50', '', 0, '4', '2017-09-06 13:47:18', '3174071208970001'),
('000030', 'Fauzi24', '1q2w3e', '000044', '000001', '000001', '000007', '000018', '449000030134804-06-09-2017', 'Fauzi Ramdani', 'Jakarta', '1997-01-24', 0, 'Fauziiramdani24@gmail.com ', '089687557532 ', 'Perum kemang swatana blok. H no. 21', '16416', 0, '000056', 'Programmer', 1, '3.35', '2017', '165', '55', '', 0, '4', '2017-09-06 13:48:04', '3274032401970007'),
('000036', 'IrhamPR', 'irhampr', '', '', '', '', '999999', '00000036140829-06-09-2017', 'Irham Pramudya R', 'Bogor', '0000-00-00', 0, 'irhamprayudaramadhan@gmail.cp', '', '', '', 0, '', '', 0, '', '2017', '0', '0', '', 0, '0', '2017-09-06 14:08:29', '3276011601980001'),
('000050', 'ANemfrotte', 'eqeS606898', '', '000005', '000002', '000010', '000016', '04000050185124-06-09-2017', 'BMW', '', '1990-01-01', 0, 'quonahquee@bestmailonline.com', '88393348946', 'https://www.viagrapascherfr.com/vente-viagra-france-au-maroc/\n', '145331', 0, '000241', 'Web Developer', 0, 'ANemfrotte', '1884', '0', '0', 'Web Developer', 0, '0', '2017-09-06 18:51:24', 'GlobeTelecom'),
('000040', 'Tri Wijayanti', 'cozican', '000026', '000001', '000001', '000008', '000005', '266000040141851-06-09-2017', 'Tri Wijayanti', 'Pekalongan ', '1993-10-04', 1, 'triwijayanti.teewe@yahoo.com', '081905642009', 'Lingkungan Cipayung 04/021 Kota Depok', '16417', 0, '000159', 'Ilmu Kebidanan', 1, '3.11', '2014', '155', '43', '', 0, '4', '2017-09-06 14:18:51', '3276054410930004'),
('000045', 'efander', '23juni1997', '000043', '000003', '000001', '000004', '999999', '439000045142427-06-09-2017', 'Efander sutejo', 'Jakarta', '1997-06-23', 0, 'erfansander75@gmail. com', '089631069441', 'Kp.Bendungan Rt.003/ Rw.001 Cilodong', '61474', 0, '000045', 'Bermusik', 0, '7', '2015', '165', '55', '', 0, '0', '2017-09-06 14:24:27', '3276022306570001'),
('000044', 'erfansander75@gmail.', '23juni1997', '000043', '000003', '000001', '000004', '999999', '439000044142344-06-09-2017', 'Efander sutejo', 'Jakarta', '1997-06-23', 0, 'erfansander75@gmail. com', '089631069441', 'Kp.Bendungan Rt.003/ Rw.001 Cilodong', '61474', 0, '000045', 'Bermusik', 0, '7', '2015', '165', '55', '', 0, '0', '2017-09-06 14:23:44', '3276022306570001'),
('000046', 'efander', '23juni1997', '000043', '000003', '000001', '000004', '999999', '439000046142558-06-09-2017', 'Efander sutejo', 'Jakarta', '1997-06-23', 0, 'erfansander75@gmail. com', '089631069441', 'Kp.Bendungan Rt.003/ Rw.001 Cilodong', '61474', 0, '000045', 'Bermusik', 0, '7', '2015', '165', '55', '', 0, '0', '2017-09-06 14:25:58', '3276022306570001'),
('000047', 'Tri Wijayanti', 'cozican', '000026', '000001', '000001', '000008', '999999', '266000047142741-06-09-2017', 'Tri Wijayanti', 'Pekalongan ', '1993-10-04', 1, 'triwijayanti.teewe@yahoo.com', '081905642009', 'Lingkungan Cipayung 04/021', '16417', 0, '000935', 'Ilmu Kebidanan', 1, '3.11', '2014', '155', '43', '', 0, '0', '2017-09-06 14:27:41', '3276054410930004'),
('000048', 'Tri Wijayanti', 'cozican', '000026', '000001', '000001', '000008', '999999', '266000048142749-06-09-2017', 'Tri Wijayanti', 'Pekalongan ', '1993-10-04', 1, 'triwijayanti.teewe@yahoo.com', '081905642009', 'Lingkungan Cipayung 04/021', '16417', 0, '000935', 'Ilmu Kebidanan', 1, '3.11', '2014', '155', '43', '', 0, '0', '2017-09-06 14:27:49', '3276054410930004'),
('000071', 'Devina pratikno', 'devina', '', '000001', '000001', '000004', '000003', '06000071104429-07-09-2017', 'Devina pratikno', 'Gunungkidul', '0000-00-00', 1, 'deviinap16@gmail.com', '085780717571', 'Gang masjid cisalak RT 002/007 Cisalak Sukmajaya Depok', '16416', 0, '000010', 'Mampu mengoperasikan aplikasi komputer khususnya M', 0, '30.25', '2014', '157', '43', '', 0, '4', '2017-09-07 10:44:29', '3403116901960001'),
('000051', 'sandhiahsani', 's1a2f3a4', '000027', '000001', '000001', '000009', '000005', '276000051215857-06-09-2017', 'sandhi ahsani taqwim', 'Jakarta', '1995-06-08', 0, 'sandhiahsani@yahoo.com', '081319003523', 'Pesona Khayangan BLOK CH No. 18', '16411', 0, '000023', 'Perdagangan Internasional', 1, '3.40', '2017', '175', '88', '', 2, '5000000', '2017-09-06 21:58:57', '3276050806950011'),
('000049', 'Tri Wijayanti', 'cozican', '000026', '000001', '000001', '000008', '999999', '266000049143817-06-09-2017', 'Tri Wijayanti', 'Pekalongan ', '1993-10-04', 1, 'triwijayanti.teewe@yahoo.com', '081905642009', 'Lingkungan Cipayung 04/021', '16417', 0, '000935', 'Ilmu Kebidanan', 1, '3.11', '2014', '155', '43', '', 0, '0', '2017-09-06 14:38:17', '3276054410930004'),
('000083', 'Siti solehah', 'manusia', '000001', '000001', '000001', '000008', '999999', '11000083105304-07-09-2017', 'Siti solahah', 'Bekasi', '1979-05-26', 1, 'Solehasiti03@yahoo.com', '081210137717', 'Perumahan puri bukit Depok blok e-1/10', '', 0, '000041', 'Komputer', 1, '2,67', '2002', '60', '160', '', 0, '3', '2017-09-07 10:53:04', '3276056605790012'),
('000064', 'Devina pratikno', '290196', '', '', '', '', '999999', '00000064103912-07-09-2017', 'Devina pratikno', 'Gunungkidul', '0000-00-00', 1, '', '', '', '', 0, '', '', 0, '', '2017', '0', '0', '', 0, '0', '2017-09-07 10:39:12', '3403116901960001'),
('000121', 'ignatiushandi@gmail.', 'gack5144', '000028', '000002', '000001', '000009', '000005', '286000121120156-19-09-2017', 'ignatius handi ', 'Depok Timur', '1988-06-05', 0, 'ignatiushandi@gmail.com', '082123843096', 'Jalan Merawan VI no 155 Rt 07 Rw 10', '16418', 0, '000194', 'marketing communication', 1, '3.23', '2017', '179', '75', '', 2, '4000000', '2017-09-19 12:01:56', '3276050506880005'),
('000063', 'Revi Muhtar', 'kyuhyun812', '000040', '000001', '000001', '000004', '999999', '408000063103646-07-09-2017', 'Revi Muhtar', 'Depok', '1999-03-08', 1, 'Reviiafr@gmail.com', '085886630757', 'Jl. Masjid al ittihad rt. 005/004 no. 13', '16444', 0, '000281', 'Multimedia', 0, '', '2017', '163', '50', '', 0, '0', '2017-09-07 10:36:46', '3276074803990001'),
('000058', 'Wahyoee nakk seruni', 'serunifc99', '000013', '000001', '000001', '000004', '999999', '133000058102835-07-09-2017', 'wahyu setiawan', 'BOGOR', '1998-01-26', 0, 'wahyusetiawan1933@yahoo.com', '0895354622032', 'Jl.Gadok Raya Rt 04/07 Kel.Cisalak Pasar Kec.Cimanggis', '16458', 0, '', 'Merakit mesin', 0, '6,5', '2016', '163', '55', '', 0, '0', '2017-09-07 10:28:35', '3276022601980006'),
('000059', 'JiegemNaksengon@gmai', '27061998', '000004', '000001', '000001', '000004', '000014', '42000059102852-07-09-2017', 'Ahmad Zaini', 'Jakarta', '1998-06-27', 0, 'jiegemnaksengon@gmail.com', '0895398396995', 'Jalan. Pindahan 2 rt 07/10 kelurahan pamcoran mas depok', '16436', 0, '000024', 'melayani', 0, '', '2017', '170', '49', '', 0, '1', '2017-09-07 10:28:52', '3174052706980009'),
('000062', 'muhamadaliridho815&y', 'alii04', '', '000001', '000001', '000004', '999999', '03000062103057-07-09-2017', 'muhammad ali ridho', 'depok', '1998-09-04', 0, 'ahmadfauzanharis@gmail.com', '089620797674', 'jl.gadok raya rt.04/06 no.30', '16458', 0, '000062', 'operasi myob', 0, '91', '2017', '166', '50', '', 0, '0', '2017-09-07 10:30:57', '3276020409980007'),
('000061', 'Wahyoee nakk seruni', 'serunifc99', '', '000001', '000001', '000004', '999999', '03000061102951-07-09-2017', 'wahyu setiawan', 'BOGOR', '1998-01-26', 0, 'wahyusetiawan1933@yahoo.com', '0895354622032', 'Jl.Gadok Raya Rt 04/07 Kel.Cisalak Pasar Kec.Cimanggis', '16458', 0, '', 'Merakit mesin', 0, '6,5', '2016', '163', '55', '', 0, '0', '2017-09-07 10:29:51', '3276022601980006'),
('000065', 'DwiShinta', 'Mikasa21', '000039', '000001', '000001', '000004', '000014', '398000065104028-07-09-2017', 'Dwi shinta', 'depok', '1998-05-21', 1, 'dwishinta98@gmail.com', '085711926893', 'Kp rawageni rt02 rw 02 kel ratu jaya kec cipayung kota depok 16445 no 15', '16445', 0, '000280', 'ms.woard', 0, '', '2017', '155', '39', 'Baru lulus blm ada ijazah', 0, '3000000', '2017-09-07 10:40:28', '32760710590002'),
('000066', 'wahyoeenakkseruni', 'serunifc99', '000013', '000001', '000001', '000004', '000006', '133000066104213-07-09-2017', 'wahyu setiawan', 'bogor', '1998-01-26', 0, 'wahyoee nakk seruni', '0895354622032', 'jl gadok raya rt 04/07 kel cisalak pasar kec cimanggis kota depok', '16458', 0, '', 'merakit mesin', 0, '88', '2016', '163', '55', '', 0, '3', '2017-09-07 10:42:13', '3276022601980006'),
('000067', 'Devina pratikno', '', '000029', '000001', '000001', '000004', '000003', '296000067104242-07-09-2017', 'Devina pratikno', 'Gunungkidul', '0000-00-00', 1, 'deviinap16@gmail.com', '085780717571', 'Gang masjid cisalak RT 002/007 Cisalak Sukmajaya Depok', '16416', 0, '000010', 'Mampu mengoperasikan aplikasi komputer khususnya M', 0, '30.25', '2014', '157', '43', '', 0, '4', '2017-09-07 10:42:42', '3403116901960001'),
('000068', 'Devina pratikno', '', '', '000001', '000001', '000004', '000003', '06000068104358-07-09-2017', 'Devina pratikno', 'Gunungkidul', '0000-00-00', 1, 'deviinap16@gmail.com', '085780717571', 'Gang masjid cisalak RT 002/007 Cisalak Sukmajaya Depok', '16416', 0, '000010', 'Mampu mengoperasikan aplikasi komputer khususnya M', 0, '30.25', '2014', '157', '43', '', 0, '4', '2017-09-07 10:43:58', '3403116901960001'),
('000069', 'wahyu', '19960420', '000021', '000001', '000001', '000008', '999999', '215000069104403-07-09-2017', 'wahyu wibawa', 'bogor', '1996-04-20', 0, 'wwibowo196@gmail.com', '087782674222', 'blok tengku', '16515', 0, '000058', '', 0, '3.37', '2017', '160', '45', '', 0, '0', '2017-09-07 10:44:03', '3276042004960001'),
('000070', 'wahyu', '19960420', '000021', '000001', '000001', '000008', '999999', '215000070104403-07-09-2017', 'wahyu wibawa', 'bogor', '1996-04-20', 0, 'wwibowo196@gmail.com', '087782674222', 'blok tengku', '16515', 0, '000058', '', 0, '3.37', '2017', '160', '45', '', 0, '0', '2017-09-07 10:44:03', '3276042004960001'),
('000072', 'LutfiSalim', '1390', '000007', '000001', '000001', '000005', '000005', '72000072104439-07-09-2017', 'Lutfi Salim', 'Malang', '1990-10-13', 0, 'lutfisalim.tupil@gmail.com', '082213121868', 'Jln apel 3 blok b1 no 15. Depok jaya agung', '64235', 0, '000031', '', 0, '', '2008', '167', '95', '', 0, '0', '2017-09-07 10:44:39', '3276011310900008'),
('000073', 'Revi Muhtar', 'kyuhyun812', '000040', '000001', '000001', '000004', '999999', '408000073104445-07-09-2017', 'Revi Muhtar', 'Depok', '1999-03-08', 1, 'Reviiafr@gmail.com', '085886630757', 'Jl. Masjid al ittihad rt. 005/004 no. 13', '16444', 0, '000281', 'Multimedia', 0, '29,2', '2017', '163', '50', '', 0, '0', '2017-09-07 10:44:45', '3276074803990001'),
('000074', 'Revi Muhtar', 'kyuhyun812', '000040', '000001', '000001', '000004', '999999', '408000074104447-07-09-2017', 'Revi Muhtar', 'Depok', '1999-03-08', 1, 'Reviiafr@gmail.com', '085886630757', 'Jl. Masjid al ittihad rt. 005/004 no. 13', '16444', 0, '000281', 'Multimedia', 0, '29,2', '2017', '163', '50', '', 0, '0', '2017-09-07 10:44:47', '3276074803990001'),
('000075', 'Revi Muhtar', 'kyuhyun812', '000040', '000001', '000001', '000004', '999999', '408000075104448-07-09-2017', 'Revi Muhtar', 'Depok', '1999-03-08', 1, 'Reviiafr@gmail.com', '085886630757', 'Jl. Masjid al ittihad rt. 005/004 no. 13', '16444', 0, '000281', 'Multimedia', 0, '29,2', '2017', '163', '50', '', 0, '0', '2017-09-07 10:44:48', '3276074803990001'),
('000076', 'LutfiSalim', '', '000007', '000001', '000001', '000005', '000005', '72000076104506-07-09-2017', 'Lutfi Salim', 'Malang', '1990-10-13', 0, 'lutfisalim.tupil@gmail.com', '082213121868', 'Jln apel 3 blok b1 no 15. Depok jaya agung', '64235', 0, '000031', '', 0, '', '2008', '167', '95', '', 0, '0', '2017-09-07 10:45:06', '3276011310900008'),
('000077', 'LutfiSalim', '', '000007', '000001', '000001', '000005', '000005', '72000077104510-07-09-2017', 'Lutfi Salim', 'Malang', '1990-10-13', 0, 'lutfisalim.tupil@gmail.com', '082213121868', 'Jln apel 3 blok b1 no 15. Depok jaya agung', '64235', 0, '000031', '', 0, '', '2008', '167', '95', '', 0, '0', '2017-09-07 10:45:10', '3276011310900008'),
('000078', 'Devina pratikno', '', '', '000001', '000001', '000004', '000003', '06000078104513-07-09-2017', 'Devina pratikno', 'Gunungkidul', '0000-00-00', 1, 'deviinap16@gmail.com', '085780717571', 'Gang masjid cisalak RT 002/007 Cisalak Sukmajaya Depok', '16416', 0, '000010', 'Mampu mengoperasikan aplikasi komputer khususnya M', 0, '30.25', '2014', '157', '43', '', 0, '4', '2017-09-07 10:45:13', '3403116901960001'),
('000079', 'Devina pratikno', 'deviinap16', '', '000001', '000001', '000004', '000003', '06000079104613-07-09-2017', 'Devina pratikno', 'Gunungkidul', '0000-00-00', 1, 'deviinap16@gmail.com', '085780717571', 'Gang masjid cisalak RT 002/007 Cisalak Sukmajaya Depok', '16416', 0, '000010', 'Mampu mengoperasikan aplikasi komputer khususnya M', 0, '30.25', '2014', '157', '43', '', 0, '4', '2017-09-07 10:46:13', '3403116901960001'),
('000091', 'hairunnisamei10@gmai', '281928', '000027', '000001', '000001', '000004', '999999', '276000091111030-07-09-2017', 'Hairun Nisa', 'Depok', '1996-05-10', 1, 'hairunnisamei10@gmail.com ', '089630295992 ', 'Jalan gandaria 1. No. 146 rt03/05', '16411', 0, '000012', 'Microsoft word', 0, '6', '2014', '160', '60', '', 0, '0', '2017-09-07 11:10:30', '3276055005960005'),
('000081', 'Dwishanti', 'hangezoe', '000039', '000001', '000001', '000004', '000005', '398000081104709-07-09-2017', 'dwishanti', 'depok', '1998-05-21', 1, 'dwishanti21@gmail.com', '081543484761', 'Kp.rawageni rt.02rw.02 no.15 kota depok', '16445', 0, '000281', 'ms.woard/office', 0, '', '2017', '155', '40', 'Baru lulus blm ada ijazah', 0, '3000000', '2017-09-07 10:47:09', '3276076105980003'),
('000082', 'opikky', 'APLNET123', '000053', '000001', '000001', '000004', '000013', '5311000082104846-07-09-2017', 'Mochamad Taufik', 'Bogor', '1997-05-01', 0, 'nama.opik3@gmail.com', '081515668292', 'Jln Bungur RT01/02 No20 Tapos Depok', '', 0, '000281', '', 0, '', '2017', '165', '49', '', 0, '0', '2017-09-07 10:48:46', '327610010597002'),
('000093', 'sintiyaAgustina', '26mei1997', '000011', '000001', '000001', '000004', '999999', '113000093111137-07-09-2017', 'sintiya agustina', 'garut', '1997-05-26', 1, 'agustina_sintiya@yahoo.com', '089698189672', 'Jl. Swadaya 3 perum puri kencana permai 1 blok B no 12A kp.tipar, Rt/Rw: 004/011', '', 0, '000012', '', 0, '', '2015', '158', '48', '', 0, '0', '2017-09-07 11:11:37', '3205106605970004'),
('000092', 'Erlin Chynthia Chart', 'erlinjanuari', '000030', '000001', '000001', '000009', '999999', '306000092111131-07-09-2017', 'Erlin Chynthia C', 'Jakarta', '1996-01-13', 1, 'erlinchynthia@gmail.com', '081282987887', 'Kp.parung serab Jl.tirtamulya 2 Rt 002/003', '16412', 0, '000006', '', 1, '', '2017', '157', '50', '', 0, '0', '2017-09-07 11:11:31', '3276055301960003'),
('000088', 'Siti solehah', 'manusia', '000001', '000001', '000001', '000008', '000005', '11000088110513-07-09-2017', 'Siti solehah', 'Bekasi', '1979-05-26', 1, 'Solehasiti03@yahoo.com', '081210137717', 'Perumahan puri bukit Depok blok e-1/10', '', 0, '000041', 'Komputer', 1, '2,67', '2002', '60', '160', '', 0, '3', '2017-09-07 11:05:13', '3276056605790012'),
('000089', 'Ria', '', '', '', '', '', '999999', '00000089110733-07-09-2017', '', '', '1990-01-01', 0, '', '', '', '', 0, '', '', 0, '', '2017', '0', '0', '', 0, '0', '2017-09-07 11:07:33', ''),
('000090', 'sintiyaAgustina', '26mei1997', '000011', '000001', '000001', '000004', '999999', '113000090110741-07-09-2017', 'sintiya agustina', 'garut', '1997-05-26', 1, 'agustina_sintiya@yahoo.com', '089698189672', 'Jl. Swadaya 3 perum puri kencana permai 1 blok B no 12A kp.tipar, Rt/Rw: 004/011', '', 0, '000012', '', 0, '', '2015', '158', '48', '', 0, '0', '2017-09-07 11:07:41', '3205106605970004'),
('000094', 'Maghfirotul.aeni1@gm', 'suluhutomo', '', '000001', '000002', '000009', '000005', '03000094111141-07-09-2017', 'Maghfirotul aeni', 'Pemalang', '1991-05-01', 1, 'Maghfirotulaeni@gmail.com', '089633256720', 'Jl bintang 2 Mekarsari Cimanggis Depok', '16952', 0, '000167', '', 1, '2.19', '2017', '150', '70', '', 0, '300000', '2017-09-07 11:11:41', '3276024105910010'),
('000095', 'LilikMaryanti', 'lima', '000011', '000001', '000001', '000004', '999999', '113000095111153-07-09-2017', 'Lilik Maryanti', 'Garut', '1996-04-07', 1, 'Lilik.maryanti07@gmail.com', '08977854812', 'Jl.swadaya 3 perum puri kencana permai 1 Blok B no 12 A kp.tipar, RT 004 RW 011', '', 0, '000012', '', 0, '', '2015', '152', '50', '', 0, '0', '2017-09-07 11:11:53', '3205104704960002'),
('000096', 'Destri Maryanti ', '', '', '000001', '000001', '000004', '999999', '00000096111211-07-09-2017', 'Destri Maryanti ', 'Sukabumi ', '1997-08-27', 1, 'Destrimaryanti7@gmail.com ', '081535345344 ', 'Kp.cipayung rt03/03 kel tengah kec. Cibinong bogor', '', 0, '000029', '', 0, '', '2015', '150', '45', '', 0, '0', '2017-09-07 11:12:11', '3202056708970001'),
('000097', 'Dwy Nurkomariah', '23101994', '000029', '000001', '000001', '000009', '000005', '296000097111255-07-09-2017', 'Dwy Nurkomariaj', 'Bogor', '1995-10-20', 1, 'dwynurkomariah913@gmail.com', '087878853223', 'gg.masjid al-ishlah rt 02/06 no 23', '16416', 0, '000042', 'Ms.office', 1, '3.19', '2017', '155', '49', '', 0, '3', '2017-09-07 11:12:55', '3276056010950003'),
('000098', 'Ria Yoni Pratiwi', 'dedenria22', '000010', '000001', '000001', '000009', '000005', '103000098111256-07-09-2017', 'Ria Yoni Pratiwi', 'Bogor', '1995-05-29', 1, 'yonaykingdom@gmail.com', '083877523122', 'Kp. Areman rt.08/07 no.13b', '16451', 0, '000042', 'Ms. Office', 1, '3.49', '2017', '156', '50', '', 0, '3', '2017-09-07 11:12:56', '3276026905950009'),
('000099', 'Maghfirotul.aeni1@gm', 'suluhutomo80', '', '000001', '000002', '000009', '000005', '03000099111330-07-09-2017', 'Maghfirotul aeni', 'Pemalang', '1991-05-01', 1, 'Maghfirotulaeni@gmail.com', '089633256720', 'Jl bintang 2 Mekarsari Cimanggis Depok', '16952', 0, '000167', '', 1, '2.19', '2017', '150', '70', '', 0, '300000', '2017-09-07 11:13:30', '3276024105910010'),
('000100', 'sintiyaAgustina', '26mei1997', '000011', '000001', '000001', '000004', '999999', '113000100111446-07-09-2017', 'sintiya agustina', 'garut', '1997-05-26', 1, 'agustina_sintiya@yahoo.com', '089698189672', 'Jl. Swadaya 3 perum puri kencana permai 1 blok B no 12A kp.tipar, Rt/Rw: 004/011', '', 0, '000012', '', 0, '', '2015', '158', '48', '', 0, '0', '2017-09-07 11:14:46', '3205106605970004'),
('000101', 'Citrarosdiana', 'rosdian4', '000022', '000001', '000001', '000009', '000005', '225000101111537-07-09-2017', 'Citra Rosdiana', 'Sumedang', '1990-01-01', 1, 'rosdiana.citra15@gmail.con', '0816522542', 'Komplek Cinere Park View Blok D1 Rt 001/003', '16512', 0, '000023', 'Ms.Office , Windows, Photoshop', 1, '3.23', '2017', '163', '52', '', 0, '4000000', '2017-09-07 11:15:37', '3211104911940005'),
('000102', 'sintiyaAgustina', '26mei1997', '000011', '000001', '000001', '000004', '999999', '113000102111546-07-09-2017', 'sintiya agustina', 'garut', '1997-05-26', 1, 'agustina_sintiya@yahoo.com', '089698189672', 'Jl. Swadaya 3 perum puri kencana permai 1 blok B no 12A kp.tipar, Rt/Rw: 004/011', '', 0, '000012', '', 0, '', '2015', '158', '48', '', 0, '0', '2017-09-07 11:15:46', '3205106605970004'),
('000103', 'LilikMaryanti', '', '', '000001', '000001', '000004', '999999', '03000103111610-07-09-2017', 'Lilik Maryanti', 'Garut', '1996-04-07', 1, 'Lilik.maryanti07@gmail.com', '08977854812', 'Jl.swadaya 3 perum puri kencana permai 1 Blok B no 12 A kp.tipar, RT 004 RW 011', '', 0, '000012', '', 0, '', '2015', '152', '50', '', 0, '0', '2017-09-07 11:16:10', '3205104704960002'),
('000104', 'Nur Intan Fitria', '123intan', '000063', '000001', '000001', '000008', '999999', '6312000104111639-07-09-2017', 'Nur Intan Fitria', 'Bogor', '1997-02-04', 1, 'Nurintanfitria@gmail.com', '085717369614', 'Parung kulon rt04/06 no.27', '16518', 0, '000034', 'Speaking in English (Basic), Public Speaker, Medic', 1, '3.34', '2017', '157', '43', '', 0, '3', '2017-09-07 11:16:39', '3276034402970005'),
('000105', 'Sakilah', 'allahSWT', '000016', '000001', '000001', '000008', '999999', '164000105111709-07-09-2017', 'Sakilah', 'Bogor', '1996-05-03', 1, 'Sakilahkiki45@gmail.com', '082299042146', 'Pengasinan RT 02/03 ', '16518', 0, '000034', 'Kebidanan', 1, '3,38', '2017', '157', '49', '', 0, '3', '2017-09-07 11:17:09', '3276034305960004'),
('000106', 'Dwy Nurkomariah', '23101994', '000029', '000001', '000001', '000009', '000005', '296000106111849-07-09-2017', 'Dwy Nurkomariah', 'Bogor', '1995-10-20', 1, 'dwynurkomariah913@gmail.com', '087878853223', 'gg.masjid al-ishlah rt02/06 no23', '16416', 0, '000042', '', 1, '3.19', '2017', '155', '49', '', 0, '3', '2017-09-07 11:18:49', '3276056010950003'),
('000107', 'Maghfirotul.aeni1@gm', 'jalanbintang', '000011', '000001', '000002', '000009', '000005', '113000107111851-07-09-2017', 'Maghfirotul aeni', 'Pemalang', '1991-05-01', 1, 'Maghfirotul.aeni1@gmail.com', '089633256720', '', '16952', 0, '000247', 'Mengajar', 1, '2.19', '2017', '150', '170', '', 0, '3000000', '2017-09-07 11:18:51', '3276024105910010'),
('000108', 'Rosi Rosmawati', 'kantongbusuk', '000030', '000001', '000001', '000009', '000005', '306000108111855-07-09-2017', 'Rosi Rosmawati', 'Banjarnegara', '1995-05-02', 1, 'Rosmawati.ochy02@gmail.com', '089638706131', 'Kp.parung serab\nRt 04/002 No.51A', '16412', 0, '000215', '', 1, '3.66', '2017', '156', '52', '', 0, '3', '2017-09-07 11:18:55', '3276054205950007'),
('000109', 'Dwy Nurkomariah', '23101994', '000029', '000001', '000001', '000009', '000005', '296000109111855-07-09-2017', 'Dwy Nurkomariah', 'Bogor', '1995-10-20', 1, 'dwynurkomariah913@gmail.com', '087878853223', 'gg.masjid al-ishlah rt02/06 no23', '16416', 0, '000042', '', 1, '3.19', '2017', '155', '49', '', 0, '3', '2017-09-07 11:18:55', '3276056010950003'),
('000110', 'wandariradhite', 'zafirah', '000005', '000001', '000002', '000009', '000005', '52000110112227-07-09-2017', 'PURWANDARI RADITE', 'Jakarta', '1984-10-28', 1, 'wandari.radhite@gmail.com', '087809370611', 'Jl. Pramuka gg. Kodrat no 30 B RT/RW 006/012', '16433', 0, '000023', 'Bahasa Inggris, Microsoft Office', 1, '3.50', '2006', '162', '68', '', 0, '3500000', '2017-09-07 11:22:27', '3276096810840001'),
('000111', 'Hartono', 'hartono17', '000053', '000001', '000001', '000009', '000005', '5311000111113603-07-09-2017', 'Hartono ', 'Jakarta ', '1991-02-17', 0, 'hartonosatria92@gmail.com', '089638641287 ', 'Jl. Kapitan 4 rt 002 rw 010 kel sukatani kec.tapos Depok ', '16454', 0, '000555', 'Komputer ', 1, '3.20', '2016', '167', '72', '', 0, '4000000', '2017-09-07 11:36:03', '32760217029100009'),
('000120', 'putrinov', 'mycarrer', '000060', '000003', '000001', '000008', '000005', '6012000120214653-17-09-2017', 'Putri Novitaria', 'Jakarta', '1996-03-02', 1, 'pnovitaria@gmail.com', '089627367278', 'Perum Griya Sasmita blok D2 No.6 RT.001 RW.009', '16517', 0, '000664', '', 1, '3.44', '2017', '160', '48', '', 0, '4000000', '2017-09-17 21:46:53', '3276114203960001'),
('000118', 'Wahyu Dwi Kristina', 'widikidiw', '000028', '000001', '000001', '000004', '000012', '286000118123204-11-09-2017', 'Wahyu Dwi Kristina', 'Depok', '1998-10-05', 1, 'Kristinawahyudwi@gmail.com', '089653178625', 'Jl. Jelutung Raya No 296 RT 01 Rw 016 Kelurahan Baktijaya Kecamatan Sukmajaya Kota Depok 16418', '16418', 0, '000059', 'Bisa Autocad', 0, '', '2016', '165', '90', '', 2, '3', '2017-09-11 12:32:04', '327605451098'),
('000119', 'M suri hafidz alfajr', 'sifa1208', '000024', '000001', '000001', '000009', '000005', '245000119072611-12-09-2017', 'Fajri', 'Jakarta', '1993-05-12', 0, 'mshalfajri@gmail.com', '081224294005', 'Jl pendowo 4 rt03/16 no:38', '16515', 0, '000026', 'Mc.word, excel, powerpoint, ', 1, '3,09', '2017', '174', '55', 'Fresh graduation', 0, '5000000', '2017-09-12 07:26:11', '3276041205930003'),
('000115', 'Ira Azmi Suryabrata', '19Spongebob', '000020', '000001', '000001', '000009', '000007', '204000115122752-07-09-2017', 'Ira Azmi Suryabrata', 'Jakarta', '1995-10-26', 1, 'iraazmis@gmail.com', '08561311182', 'Kompleks Bappenas A52, RT02/RW06', '16516', 0, '000027', '', 1, '3,14', '2017', '158', '58', '', 0, '3', '2017-09-07 12:27:52', '3276036610950002'),
('000117', 'Ernisugita', 'tridharma', '000054', '000003', '000001', '000004', '000006', '5411000117134125-07-09-2017', 'Erni Sugita', 'Bogor', '1998-12-03', 1, 'esgita5@gmail.com', '081295488908', 'Jl Pekapuran Kp Sindangkarsa', '16462', 0, '000189', '', 0, '7', '2016', '158', '50', '', 0, '0', '2017-09-07 13:41:25', '3276104312980001'),
('000122', 'Adri putra yudha', 'brigif17', '000012', '000001', '000001', '000004', '000006', '123000122130125-19-09-2017', 'Adri putra yudha', 'Jakarta', '1998-03-14', 0, 'Adriputrayudha19@yahoo.com', '082211295758', 'Jl.kartika no10a hankam rt 002 rw 002 kel pasir gunung selatan cimanggis depok', '-', 0, '000027', '-', 0, '21,52', '2016', '168', '60', '-', 0, '0', '2017-09-19 13:01:25', '3276021403980018'),
('000123', 'Gilang Ihsan Ramadha', 'Gilfank89', '000039', '000001', '000001', '000009', '000005', '398000123014154-26-09-2017', 'Gilang Ihsan R.M', 'Jakarta', '1989-04-15', 0, 'Gilangmokoginta89@gmail.com', '08111850089', 'Jl. Rawageni 102', '16439', 0, '000049', 'Ms Office', 1, '', '2017', '173', '0', '', 2, '4000000', '2017-09-26 01:41:54', '3276011504890010'),
('000124', 'Danielhalomoan', 'Danielhalomoan123', '000061', '000003', '000001', '000009', '000005', '6112000124115222-26-09-2017', 'Daniel Halomoan', 'Jakarta', '1994-04-01', 0, 'danielhalomoanpane@gmail.com', '081317989784', 'Reni Jaya Blok E.13 No.11 RT 002/RW 007', '16517', 0, '000023', 'Ms.Office, Data Entry, Data Processing, Internet', 1, '3.61', '2016', '167', '60', '', 0, '3800000', '2017-09-26 11:52:22', '3276030104940004'),
('000125', 'ANGGA.PRANATA', '97674964', '000056', '000001', '000001', '000004', '000006', '5611000125031946-27-09-2017', 'ANGGA PRANATA', 'BOGOR', '1993-01-25', 0, 'anggapranata703@gmail.com', '083877154662', 'KP. BANJARAN PUCUNG RT 001 RW 005 NO.26', '16465', 0, '000281', 'mengemudikan forklift', 0, '32.3', '2012', '168', '60', 'Lulus dan berijazah', 0, '6', '2017-09-27 03:19:46', '3276022501930002'),
('000126', 'hadipras23', 'h4d1pr45', '000056', '000001', '000002', '000009', '000004', '5611000126083236-05-10-2017', 'hadi prasetyono', 'kediri', '1960-01-23', 0, 'hadipras23@yahoo.com', '08121170558', 'Griya Telaga Permai Blok A-2 No. 4 Depok 16458', '16458', 0, '000612', 'manajemen proyek', 1, '3', '1985', '160', '50', 'Pensiunan PT Rekayasa Industri', 0, '15000000', '2017-10-05 08:32:36', '3276022301600005'),
('000127', 'Septian', '123useuse123', '000021', '000001', '000001', '000004', '000005', '215000127101136-06-10-2017', 'Septian Hadi Putra P', 'Jakarta', '1998-09-09', 0, 'septianh84@gmail.com', '089636695442', 'Jl tiga putra, komplek lemigas blok L3', '16515', 0, '000045', '', 0, '76', '2017', '172', '52', '', 0, '0', '2017-10-06 10:11:36', '3276040909980003'),
('000128', 'alvyne', 'thedhupestators12332', '000020', '000001', '000001', '000009', '000005', '204000128122232-15-10-2017', 'alvyneivonurhidayat', 'Bogor', '1995-08-20', 0, 'alvin_chronicles@yahoo.com', '089630996254', 'RT 001 RW 002 No.122', '16516', 0, '000207', 'Akuntansi, Komputer, Keuangan, Bahasa inggris', 1, '3.52', '2017', '170', '50', '', 0, '0', '2017-10-15 12:22:32', '3276032008950002'),
('000129', 'adelsiregar', 'adel253019', '000020', '000003', '000001', '000009', '000005', '204000129225420-17-10-2017', 'Adelita Asthasari S', 'Jakarta', '1992-01-01', 1, 'adelita.siregar@gmail.com', '081213335268', 'Komplek Bappenas A 97', '16516', 0, '000023', '', 1, '3.28', '2014', '166', '119', '', 0, '0', '2017-10-17 22:54:20', '3276034110920001'),
('000130', 'Yanwarrizkik18@gmail', 'komando81', '000014', '000001', '000001', '000004', '999999', '144000130234511-19-10-2017', 'Yanwar rizki komarud', 'Jakarta', '1995-01-19', 0, 'Yanwarrizkik18@gmail.com', '081382580669', 'Perum koperasi bugn blok b7 no 28 Rt04 Rw10', '16519', 0, '000057', 'Komputer', 0, '6,5', '2013', '176', '65', 'Sehat jasmani dan rohani, siap bekerja keras', 0, '0', '2017-10-19 23:45:11', '3276031901950003'),
('000131', 'doni.yulianto1990', 'Barcelona.1990', '000010', '000001', '000002', '000009', '000004', '103000131101534-20-10-2017', 'Doni Yulianto', 'Jakarta', '1990-07-16', 0, 'doni.yulianto1990@gmail.com', '08561271929', 'Jl. RTM Gang Awan No.14 RT 002/011', '16451', 0, '000162', 'Jurnalistik', 1, '3.09', '2012', '183', '63', '', 2, '7000000', '2017-10-20 10:15:34', '3276021607900008'),
('000132', 'Nindya', '110596', '000010', '000001', '000001', '000008', '000005', '103000132111548-20-10-2017', 'Nindya Ayundina Sari', 'Bogor', '1996-05-11', 1, 'Nindyaayundina96@gmail.com', '085959474719', 'Jln. Duta 4 No. 18 Pondok Duta 1', '16451', 0, '000206', 'Multimedia', 1, '286', '2017', '160', '60', '', 0, '3400', '2017-10-20 11:15:48', '3276025105960016');

-- --------------------------------------------------------

--
-- Table structure for table `mspengalaman`
--

CREATE TABLE `mspengalaman` (
  `IDPengalaman` char(6) NOT NULL,
  `IDPencaker` char(45) NOT NULL,
  `Jabatan` varchar(45) NOT NULL,
  `UraianKerja` varchar(45) NOT NULL,
  `NamaPerusahaan` varchar(45) NOT NULL,
  `TglMasuk` date NOT NULL,
  `TglBerhenti` date NOT NULL,
  `IDPencakerTemp` varchar(45) NOT NULL
) ENGINE=MyISAM DEFAULT CHARSET=latin1;

--
-- Dumping data for table `mspengalaman`
--

INSERT INTO `mspengalaman` (`IDPengalaman`, `IDPencaker`, `Jabatan`, `UraianKerja`, `NamaPerusahaan`, `TglMasuk`, `TglBerhenti`, `IDPencakerTemp`) VALUES
('000016', '000017', 'supervisor', '', 'OCK CLUB', '2016-11-15', '0000-00-00', '3276052602950007'),
('000014', '000015', 'bambang1', '', 'bambang1', '1990-01-01', '1990-01-01', '327692384723089'),
('000013', '000014', 'Freelance', '', 'PT Zoomy Media Ind', '2017-03-07', '2017-08-13', '3276062602910004'),
('000015', '000017', 'admin', '', 'OCK CLUB ', '0000-00-00', '0000-00-00', '3276052602950007'),
('000012', '000014', 'Freelance', '', 'PT Remala Abadi', '2014-03-26', '2017-03-07', '3276062602910004'),
('000011', '000014', 'Staff OCC', '', 'PT Bravo Satria Perkasa', '2015-07-22', '2016-03-02', '3276062602910004'),
('000010', '000014', 'Admin Warehouse', '', 'PT Rotaryana Eng', '2015-01-17', '2015-06-01', '3276062602910004'),
('000009', '000011', 'Reseller ', '', 'Usaha Dagang Jersey', '2014-09-01', '2015-12-01', '3276020711930001'),
('000008', '5311000002111303-06-09-2017', 'Gudang', '', 'PT. Tenar Inti Mandiri', '2017-01-17', '2017-07-17', '3276021808980006'),
('000007', '000010', 'coba1', '', 'coba1', '1990-01-01', '1990-01-01', '32764234238723882178'),
('000006', '000009', 'Supervisor', '', 'Google', '1999-01-01', '2008-01-01', '3276010101010'),
('000005', '000008', 'a', '', 'a', '1990-01-01', '1990-01-01', '327684375934875'),
('000004', '000006', 'manager', '', 'manager', '1990-01-01', '1990-01-01', '3276097234972834611'),
('000003', '000004', 'Supervisor', '', 'Telkom', '2014-01-01', '2016-01-01', '327628272728282728'),
('000002', '000003', 'a', '', 'a', '1990-01-01', '1990-01-01', '3276423423'),
('000001', '000001', 'Supervisor', '', 'Indosat', '2010-01-01', '2014-01-01', '32765515515155151'),
('000017', '000016', 'Frontliner Petugas Informasi Stasiun ', '', 'PT. KCJ ', '2011-11-01', '2017-09-30', '3171034410840009'),
('000018', '6312000020133232-06-09-2017', 'staff', '', 'SB Mart', '2013-10-03', '2015-10-03', '3276030310900005'),
('000019', '6312000024133816-06-09-2017', 'staff', '', 'SBMart', '2013-10-03', '2013-10-03', '3276030310900005'),
('000020', '000018', 'Asisten Apoteker', '', 'Apotek Sofa Marwa', '2012-12-01', '2014-07-04', '3276066507950001'),
('000021', '266000033135410-06-09-2017', 'Engineer', '', 'PT. Inovasi Infrastruktur', '2015-04-20', '2015-11-20', '3275012007960019'),
('000022', '000022', 'CSO', '', 'PT.Hijau Berdikari Indonesia', '2017-05-01', '1990-01-01', '3276011601980001'),
('000023', '266000040141851-06-09-2017', 'Health Claim analyst', '', 'PT Admedika', '2016-07-14', '2017-06-25', '3276054410930004'),
('000024', '266000040141851-06-09-2017', 'Costumer Service', '', 'PT acer Indonesia', '2015-11-26', '2016-04-28', '3276054410930004'),
('000025', '266000040141851-06-09-2017', 'Call Center', '', '110 Mabes Polri Jakarta', '2015-07-28', '2015-11-26', '3276054410930004'),
('000026', '266000040141851-06-09-2017', 'Call Center', '', 'NTMC korlantas Polri', '2014-12-02', '2015-07-27', '3276054410930004'),
('000027', '439000044142344-06-09-2017', 'Leader', '', 'PT.TIRTA MAZ DUATIGA', '2016-03-21', '2017-08-22', '3276022306570001'),
('000028', '439000045142427-06-09-2017', 'Leader', '', 'PT.TIRTA MAZ DUATIGA', '2016-03-21', '2016-03-21', '3276022306570001'),
('000029', '439000046142558-06-09-2017', 'Leader', '', 'PT.TIRTA MAZ DUATIGA', '2016-03-21', '2016-03-21', '3276022306570001'),
('000030', '266000047142741-06-09-2017', 'Health claim analyst', '', 'PT Admedika', '2016-07-14', '2017-06-25', '3276054410930004'),
('000031', '266000047142741-06-09-2017', 'Costumer Service ', '', 'PT Acer Indonesia', '2015-11-29', '2016-04-28', '3276054410930004'),
('000032', '266000047142741-06-09-2017', 'Call Center', '', '110 Mabes Polri ', '2015-07-28', '2016-11-28', '3276054410930004'),
('000033', '266000047142741-06-09-2017', 'Call center', '', 'NTMC korlantas Polri', '2014-12-02', '2015-07-27', '3276054410930004'),
('000034', '000022', 'CSO', '', 'PT.Hijau Berdikari Indonesia', '2017-05-01', '2017-07-20', '3276011601980001'),
('000035', '000022', 'CSO', '', 'PT.Hijau Berdikari Indonesia', '2017-05-01', '2017-07-20', '3276011601980001'),
('000036', '000022', 'CSO', '', 'PT.Hijau Berdikari Indonesia', '2017-05-01', '2017-07-20', '3276011601980001'),
('000037', '04000050185124-06-09-2017', '', '', 'Growing', '1990-01-01', '1990-01-01', 'GlobeTelecom'),
('000038', '000023', 'Waiters', '', 'Pizza hut', '2016-03-01', '2016-04-30', '3276045303990008'),
('000039', '000023', 'Sales Promotion Girl', '', 'PT.Ultra Jaya Milk Industry', '2017-04-28', '2017-09-10', '3276045303990008'),
('000040', '000027', 'Gudang', '', 'PT. KHONG GUAN BISCUIT INDONESIA', '2017-01-25', '2017-04-25', '3276022601980006'),
('000041', '000026', 'kasir', '', 'Sancha margo city', '1990-01-01', '1990-01-01', '3174052706980009'),
('000042', '000025', 'daily worker', '', 'Lazada warehouse', '2017-06-09', '2017-09-01', '3276020409980007'),
('000043', '000027', 'Gudang', '', 'PT. KHONG GUAN BISCUIT INDONESIA', '2017-01-25', '2017-04-25', '3276022601980006'),
('000044', '000027', 'Gudang', '', 'PT. KHONG GUAN BISCUIT INDONESIA', '2017-01-25', '2017-04-25', '3276022601980006'),
('000045', '000027', 'Gudang', '', 'PT. KHONG GUAN BISCUIT INDONESIA', '2017-01-25', '2017-04-25', '3276022601980006'),
('000046', '000025', 'daily worker', '', 'Lazada warehouse', '2017-06-09', '2017-09-01', '3276020409980007'),
('000047', '000029', 'Sales Consultant', '', 'PT. Mitra Catut Sejati Sentosa', '2017-05-12', '2017-08-31', '3276074803990001'),
('000048', '000027', 'gudang', '', 'pt. khong guan biscuit indonesia', '2017-01-25', '2017-04-25', '3276022601980006'),
('000049', '296000067104242-07-09-2017', 'Crew store', '', 'PT. Sumber Alfaria Trijaya Tbk', '2015-06-14', '2017-06-13', '3403116901960001'),
('000050', '06000068104358-07-09-2017', 'Crew store', '', 'PT. Sumber Alfaria Trijaya Tbk', '2015-06-14', '2017-06-13', '3403116901960001'),
('000051', '06000071104429-07-09-2017', 'Crew store', '', 'PT. Sumber Alfaria Trijaya Tbk', '2015-06-14', '2017-06-13', '3403116901960001'),
('000052', '72000072104439-07-09-2017', 'Teknisi komputer', '', 'BLK', '0000-00-00', '0000-00-00', '3276011310900008'),
('000053', '000029', 'Sales consultant', '', 'Mitra Catur Sejati Sentosa', '2017-05-12', '2017-08-30', '3276074803990001'),
('000054', '000029', 'Sales consultant', '', 'Mitra Catur Sejati Sentosa', '2017-05-12', '2017-08-30', '3276074803990001'),
('000055', '000029', 'Sales consultant', '', 'Mitra Catur Sejati Sentosa', '2017-05-12', '2017-08-30', '3276074803990001'),
('000056', '72000076104506-07-09-2017', 'Teknisi komputer', '', 'BLK', '0000-00-00', '0000-00-00', '3276011310900008'),
('000057', '72000077104510-07-09-2017', 'Teknisi komputer', '', 'BLK', '0000-00-00', '0000-00-00', '3276011310900008'),
('000058', '06000078104513-07-09-2017', 'Crew store', '', 'PT. Sumber Alfaria Trijaya Tbk', '2015-06-14', '2017-06-13', '3403116901960001'),
('000059', '06000079104613-07-09-2017', 'Crew store', '', 'PT. Sumber Alfaria Trijaya Tbk', '2015-06-14', '2017-06-13', '3403116901960001'),
('000060', '000028', 'display assistant', '', 'pt mitra adi perkasa', '2013-07-18', '2017-07-31', '3276042709940001'),
('000061', '11000083105304-07-09-2017', 'Keuangan', '', 'Arjuna', '0000-00-00', '0000-00-00', '3276056605790012'),
('000062', '000038', 'marketjng', '', 'pt.terang anugerah', '0000-00-00', '0000-00-00', '3276117007990001'),
('000063', '000029', 'sales consultant', '', 'Mitra Catur Sejati Sentosa', '2017-05-12', '2017-08-30', '3276074803990001'),
('000064', '000029', 'sales consultant', '', 'Mitra Catur Sejati Sentosa', '2017-05-12', '2017-05-12', '3276074803990001'),
('000065', '11000088110513-07-09-2017', 'Keuangan', '', 'Arjuna', '2005-09-20', '2015-11-12', '3276056605790012'),
('000066', '113000090110741-07-09-2017', 'operator produksi', '', 'PT. XACTI INDONESIA', '2016-08-21', '2017-08-21', '3205106605970004'),
('000067', '276000091111030-07-09-2017', 'Crew', '', 'Pt. Sumber alfaria trijaya. Tbk', '2015-02-16', '2017-01-31', '3276055005960005'),
('000068', '113000093111137-07-09-2017', 'operator produksi', '', 'PT. XACTI INDONESIA', '2016-08-21', '2016-08-21', '3205106605970004'),
('000069', '03000094111141-07-09-2017', 'Asisten praktikum ', '', 'Institut pertanian Bogor', '0000-00-00', '0000-00-00', '3276024105910010'),
('000070', '113000095111153-07-09-2017', 'Penjual+kasir', '', 'Sun flower', '0000-00-00', '0000-00-00', '3205104704960002'),
('000071', '113000095111153-07-09-2017', 'Operator produksi', '', 'PT.kahatek bandung', '2016-03-27', '2016-09-27', '3205104704960002'),
('000072', '00000096111211-07-09-2017', 'Marketing ', '', 'Indostock apparel', '2016-01-07', '2016-08-07', '3202056708970001'),
('000073', '03000099111330-07-09-2017', 'Asisten praktikum ', '', 'Institut pertanian Bogor', '0000-00-00', '0000-00-00', '3276024105910010'),
('000074', '113000100111446-07-09-2017', 'operator produksi', '', 'PT. XACTI INDONESIA', '2016-08-21', '2016-08-21', '3205106605970004'),
('000075', '113000102111546-07-09-2017', 'operator produksi', '', 'PT. XACTI INDONESIA', '2016-08-21', '2016-08-21', '3205106605970004'),
('000076', '03000103111610-07-09-2017', 'Penjual+kasir', '', 'Sun flower', '0000-00-00', '0000-00-00', '3205104704960002'),
('000077', '113000107111851-07-09-2017', 'Asisten praktikum ', '', 'Institut pertanian Bogor', '0000-00-00', '0000-00-00', '3276024105910010'),
('000078', '52000110112227-07-09-2017', 'Staff Account Payment', '', 'CIMB NIAGA Auto Finance', '2011-06-20', '2017-03-10', '3276096810840001'),
('000079', '5311000111113603-07-09-2017', 'Qc', '', 'Pt Sanyo Jaya component ', '2009-07-28', '2009-11-28', '32760217029100009'),
('000080', '5311000111113603-07-09-2017', 'Operator ', '', 'Pt YAMAHA MUSIC MANUFACTURING ASIA ', '2011-01-24', '2014-02-24', '32760217029100009'),
('000081', '5311000111113603-07-09-2017', 'Operator ', '', 'PT ASTRA KOMPONEN INDONESIA ', '2014-08-04', '2015-07-31', '32760217029100009'),
('000082', '5311000111113603-07-09-2017', 'Pml', '', 'Badan Pusat statistik ', '2016-05-01', '2016-05-31', '32760217029100009'),
('000083', '000039', 'Corporate marketing', '', 'BRI Life', '2016-08-01', '2017-01-01', '3276025505940011'),
('000084', '286000113122135-07-09-2017', 'Marketing coordinator', '', 'Pt winner interactive', '2010-09-20', '2012-04-02', '3276050506880005'),
('000085', '22000114122329-07-09-2017', 'Staff admin', '', 'Mustika- ratu tbk', '2012-08-01', '1990-01-01', '3276011304780007'),
('000086', '5411000117134125-07-09-2017', 'Operator produksi ', '', 'PT Xacti Indonesia ', '2016-09-14', '2017-03-13', '3276104312980001'),
('000087', '317000118134650-07-09-2017', 'Magang', '', 'PT INDONESIA POWER UJP CILEGON', '2017-03-01', '2017-04-27', '3276065612950001'),
('000088', '286000118123204-11-09-2017', 'PKL (Asisten Surveyor)', '', 'PT. PP(Persero) Tbk', '2015-02-01', '2015-05-30', '327605451098'),
('000089', '286000118123204-11-09-2017', 'Karyawan', '', 'PT Xacti', '1990-01-01', '1990-01-01', '327605451098'),
('000090', '245000119072611-12-09-2017', 'Marketing online', '', 'Surya Aluminium', '2012-08-01', '0000-00-00', '3276041205930003'),
('000091', '286000121120156-19-09-2017', 'Marketing ', '', 'PT WINNER INTERACTIVE', '2010-09-20', '2012-04-02', '3276050506880005'),
('000092', '398000123014154-26-09-2017', 'Staff', '', 'Alijarah Indonesia Finance', '2012-05-01', '2015-09-01', '3276011504890010'),
('000093', '398000123014154-26-09-2017', 'Guru', '', 'Laroyba International School', '2011-06-25', '2012-04-28', '3276011504890010'),
('000094', '398000123014154-26-09-2017', 'Guru', '', 'Lentera Insan', '2010-02-10', '2011-05-23', '3276011504890010'),
('000095', '6112000124115222-26-09-2017', 'Management Trainee (SRDP)', '', 'PT Erajaya Swasembada Tbk', '2017-04-01', '2017-07-03', '3276030104940004'),
('000096', '6112000124115222-26-09-2017', 'Magang (Grocery)', '', 'PT Trans Retail Indonesia', '2012-06-01', '2012-08-30', '3276030104940004'),
('000097', '5611000125031946-27-09-2017', 'OPERAROR PRODUKSI', '', 'PT. TOYOTA MOTOR MANUFACTURING INDONESIA', '2013-05-27', '2016-05-26', '3276022501930002'),
('000098', '5611000126083236-05-10-2017', 'Project control manager', '', 'PT Rekayasa Industri', '1996-11-01', '2016-11-01', '3276022301600005'),
('000099', '103000131101534-20-10-2017', 'Staf Corporate Secretary', '', 'PT EDI Indonesia', '2013-02-11', '0000-00-00', '3276021607900008'),
('000100', '103000131101534-20-10-2017', 'Staf Administrasi', '', 'PT Surveyor Indonesia (Persero)', '2012-08-01', '2013-01-31', '3276021607900008'),
('000101', '103000131101534-20-10-2017', 'Reporter', '', 'Radar Depok', '2011-02-01', '2011-08-31', '3276021607900008'),
('000102', '103000131101534-20-10-2017', 'Petugas Cacah Lapangan', '', 'Badan Pusat Statistik', '2010-03-01', '2010-06-30', '3276021607900008');

-- --------------------------------------------------------

--
-- Table structure for table `msperusahaan`
--

CREATE TABLE `msperusahaan` (
  `IDPerusahaan` char(6) NOT NULL,
  `IDUser` char(6) NOT NULL,
  `IDBidangPerusahaan` char(6) NOT NULL,
  `IDKelurahan` char(6) NOT NULL,
  `NamaPerusahaan` varchar(50) NOT NULL,
  `Email` varchar(50) NOT NULL,
  `Telepon` varchar(50) NOT NULL,
  `Alamat` text NOT NULL,
  `KodePos` varchar(50) NOT NULL,
  `Kota` varchar(50) NOT NULL,
  `Propinsi` varchar(50) NOT NULL,
  `NamaPemberiKerja` varchar(50) NOT NULL,
  `JabatanPemberiKerja` varchar(50) NOT NULL,
  `TeleponPemberiKerja` varchar(50) NOT NULL,
  `EmailPemberiKerja` varchar(50) NOT NULL,
  `RegisterDate` datetime NOT NULL
) ENGINE=MyISAM DEFAULT CHARSET=latin1;

--
-- Dumping data for table `msperusahaan`
--

INSERT INTO `msperusahaan` (`IDPerusahaan`, `IDUser`, `IDBidangPerusahaan`, `IDKelurahan`, `NamaPerusahaan`, `Email`, `Telepon`, `Alamat`, `KodePos`, `Kota`, `Propinsi`, `NamaPemberiKerja`, `JabatanPemberiKerja`, `TeleponPemberiKerja`, `EmailPemberiKerja`, `RegisterDate`) VALUES
('000001', '000002', '000022', '000002', 'pt.seveldu', 'mail.seveldu@gmail.com', '120231320132', 'jl. seroja', '14230', 'jakarta', 'jawa barat', 'agus', 'direktur', '0981272763', 'mail.seveldu@gmail.com', '2017-08-14 16:42:54');

-- --------------------------------------------------------

--
-- Table structure for table `msperusahaantemp`
--

CREATE TABLE `msperusahaantemp` (
  `IDPerusahaanTemp` char(6) NOT NULL,
  `Username` varchar(20) NOT NULL,
  `Password` varchar(20) NOT NULL,
  `IDBidangPerusahaan` char(6) NOT NULL,
  `IDKelurahan` char(6) NOT NULL,
  `NamaPerusahaan` varchar(50) NOT NULL,
  `Email` varchar(50) NOT NULL,
  `Telepon` varchar(50) NOT NULL,
  `Alamat` text NOT NULL,
  `KodePos` varchar(50) NOT NULL,
  `Kota` varchar(50) NOT NULL,
  `Propinsi` varchar(50) NOT NULL,
  `NamaPemberiKerja` varchar(50) NOT NULL,
  `JabatanPemberiKerja` varchar(50) NOT NULL,
  `TeleponPemberiKerja` varchar(50) NOT NULL,
  `EmailPemberiKerja` varchar(50) NOT NULL,
  `RegisterDate` datetime NOT NULL
) ENGINE=MyISAM DEFAULT CHARSET=latin1;

--
-- Dumping data for table `msperusahaantemp`
--

INSERT INTO `msperusahaantemp` (`IDPerusahaanTemp`, `Username`, `Password`, `IDBidangPerusahaan`, `IDKelurahan`, `NamaPerusahaan`, `Email`, `Telepon`, `Alamat`, `KodePos`, `Kota`, `Propinsi`, `NamaPemberiKerja`, `JabatanPemberiKerja`, `TeleponPemberiKerja`, `EmailPemberiKerja`, `RegisterDate`) VALUES
('000001', 'vero', 'vero123', '000007', '000001', 'jembud', 'vero.akimichi@gmail.com', '085215110500', 'jl.jembud', '12345', 'palembang', 'sumsel', 'peler', 'direktur', '085215110500', 'vero.akimichi@gmail.com', '2017-09-01 21:18:49');

-- --------------------------------------------------------

--
-- Table structure for table `msposisijabatan`
--

CREATE TABLE `msposisijabatan` (
  `IDPosisiJabatan` char(6) NOT NULL,
  `NamaPosisiJabatan` varchar(45) NOT NULL
) ENGINE=MyISAM DEFAULT CHARSET=latin1;

--
-- Dumping data for table `msposisijabatan`
--

INSERT INTO `msposisijabatan` (`IDPosisiJabatan`, `NamaPosisiJabatan`) VALUES
('000021', 'Distribution'),
('000020', 'Transportation'),
('000019', 'Warehousing'),
('000018', 'I T'),
('000017', 'EXIM'),
('000016', 'SECURITY'),
('000015', 'PPIC'),
('000014', 'KASIR'),
('000013', 'MAINTENANCE'),
('000012', 'ENGINERING'),
('000011', 'WAITRESS'),
('000010', 'DEBT COLLECTOR'),
('000009', 'DRIVER'),
('000008', 'Q A'),
('000007', 'Quality Control'),
('000006', 'Operator Produksi'),
('000005', 'Staff'),
('000004', 'Manajer'),
('000003', 'Sekertaris'),
('000002', 'Wakil Direktur'),
('000001', 'Direktur'),
('999999', 'Lainnya');

-- --------------------------------------------------------

--
-- Table structure for table `msresetpassword`
--

CREATE TABLE `msresetpassword` (
  `IDUser` char(6) NOT NULL,
  `ActivationCode` char(32) NOT NULL,
  `RegisterDate` datetime NOT NULL
) ENGINE=MyISAM DEFAULT CHARSET=latin1;

-- --------------------------------------------------------

--
-- Table structure for table `msstatushubungankerja`
--

CREATE TABLE `msstatushubungankerja` (
  `IDStatusHubunganKerja` char(6) NOT NULL,
  `NamaStatusHubunganKerja` varchar(45) NOT NULL
) ENGINE=MyISAM DEFAULT CHARSET=latin1;

--
-- Dumping data for table `msstatushubungankerja`
--

INSERT INTO `msstatushubungankerja` (`IDStatusHubunganKerja`, `NamaStatusHubunganKerja`) VALUES
('000001', 'Waktu tertentu'),
('000002', 'Waktu tidak tertentu');

-- --------------------------------------------------------

--
-- Table structure for table `msstatuspendidikan`
--

CREATE TABLE `msstatuspendidikan` (
  `IDStatusPendidikan` char(6) NOT NULL,
  `NamaStatusPendidikan` varchar(50) NOT NULL
) ENGINE=MyISAM DEFAULT CHARSET=latin1;

--
-- Dumping data for table `msstatuspendidikan`
--

INSERT INTO `msstatuspendidikan` (`IDStatusPendidikan`, `NamaStatusPendidikan`) VALUES
('000001', 'Tidak Tamat SD'),
('000002', 'SD'),
('000003', 'SLTP'),
('000004', 'SMK'),
('000005', 'SLTA/Sederajat'),
('000006', 'D1'),
('000007', 'D2'),
('000008', 'D3'),
('000009', 'S1'),
('000010', 'S2'),
('000011', 'S3'),
('000012', 'DOKTOR');

-- --------------------------------------------------------

--
-- Table structure for table `msstatuspernikahan`
--

CREATE TABLE `msstatuspernikahan` (
  `IDStatusPernikahan` char(6) NOT NULL,
  `NamaStatusPernikahan` varchar(50) NOT NULL
) ENGINE=MyISAM DEFAULT CHARSET=latin1;

--
-- Dumping data for table `msstatuspernikahan`
--

INSERT INTO `msstatuspernikahan` (`IDStatusPernikahan`, `NamaStatusPernikahan`) VALUES
('000001', 'Belum Menikah'),
('000002', 'Menikah'),
('000003', 'Duda'),
('000004', 'Janda');

-- --------------------------------------------------------

--
-- Table structure for table `mstingkatpendidikan`
--

CREATE TABLE `mstingkatpendidikan` (
  `IDTingkatPendidikan` char(6) CHARACTER SET latin1 NOT NULL,
  `NamaTingkatPendidikan` varchar(50) CHARACTER SET latin1 NOT NULL,
  `LevelTingkatPendidikan` tinyint(1) NOT NULL DEFAULT '0',
  `JenisTingkatPendidikan` tinyint(1) NOT NULL DEFAULT '0'
) ENGINE=MyISAM DEFAULT CHARSET=utf8;

--
-- Dumping data for table `mstingkatpendidikan`
--

INSERT INTO `mstingkatpendidikan` (`IDTingkatPendidikan`, `NamaTingkatPendidikan`, `LevelTingkatPendidikan`, `JenisTingkatPendidikan`) VALUES
('000001', 'PGSMTP', 0, 0),
('000002', 'SD', 1, 1),
('000003', 'SLTP', 2, 1),
('000004', 'SLTA', 3, 1),
('000005', 'DI/AKTA I', 4, 1),
('000006', 'DII/AKTA II', 4, 1),
('000007', 'DIII/AKADEMI/AKTA III', 4, 1),
('000008', 'SI', 5, 1),
('000009', 'SII', 6, 1),
('000010', 'AKTA IV', 7, 0),
('000011', 'PROFESI', 7, 0),
('000012', 'DIV', 4, 1);

-- --------------------------------------------------------

--
-- Table structure for table `msuser`
--

CREATE TABLE `msuser` (
  `IDUser` char(6) NOT NULL,
  `IDJenisUser` char(6) NOT NULL,
  `Username` varchar(20) NOT NULL,
  `Password` varchar(20) NOT NULL,
  `session_id` varchar(40) NOT NULL DEFAULT '0',
  `RegisterDate` datetime NOT NULL
) ENGINE=MyISAM DEFAULT CHARSET=latin1;

--
-- Dumping data for table `msuser`
--

INSERT INTO `msuser` (`IDUser`, `IDJenisUser`, `Username`, `Password`, `session_id`, `RegisterDate`) VALUES
('000000', '000000', 'admin', 'tobat', 'ef856acdf06aeeb426611bd450493d3e', '2012-08-09 00:16:25'),
('000336', '000002', 'indahsundari', 'indahsun', '0', '2017-09-07 12:38:34'),
('000001', '000002', 'Putri maya', 'bismillah15', '4e1021c9faa28ead0a3d18977dd68945', '2017-09-07 13:44:06'),
('000035', '000002', 'dwishinta', 'mikasa21', '0', '2017-09-07 12:09:38'),
('000335', '000002', 'dwishanti', 'hangezoe', '0', '2017-09-07 12:06:00'),
('000334', '000002', 'citrarosdiana', 'citrarosdiana', '68a0776207430a75f8735ebd3eb30ed5', '2017-09-06 10:18:58'),
('000033', '000002', 'Revimuhtar', 'kyuhyun812', '0', '2017-09-07 11:09:41'),
('000032', '000002', 'septiandwiargatama', '262794', '0', '2017-09-07 10:56:38'),
('000031', '000002', 'Wahyusetiawan1933@ya', 'persib1933', '0', '2017-09-07 10:53:06'),
('000030', '000002', '0895398396995', '27061998', '0', '2017-09-07 10:50:21'),
('000029', '000002', 'muhamadaliridho815&y', 'alii04', '0', '2017-09-07 10:44:21'),
('000028', '000002', 'Monicairianisafira', 'safira123', '0', '2017-09-07 10:10:29'),
('000025', '000002', 'Anisa', 'anisa25', '0', '2017-09-06 14:00:22'),
('000024', '000002', 'mahesha12', '022694', '0', '2017-09-06 13:58:23'),
('000022', '000002', 'bambangcoba', 'bambangcoba123', '0', '2017-09-06 13:21:15'),
('000019', '000002', 'Gading Kartika', 'lovekartika', '0', '2017-09-06 11:49:49'),
('000018', '000002', 'rusifuru', '1234', '0', '2017-09-06 11:12:15'),
('000023', '000002', 'TRI KARYA HERLINA ', 'sy4kir4', '0', '2017-09-06 13:51:58'),
('000016', '000002', 'HambaAllah', '1234', '0', '2017-09-06 11:04:03'),
('000015', '000002', 'didin', 'didin123', '0', '2017-09-06 10:57:47'),
('000026', '000002', 'irham123', 'inyourdream', '18afb1851dbe0e37f6af89d1098721aa', '2017-09-06 14:24:05'),
('000013', '000002', 'rusifuru', '1234', '0', '2017-09-06 10:40:22'),
('000012', '000002', 'rusifuru', '1234', '0', '2017-09-06 10:39:32'),
('000011', '000002', 'rusifuru', '1234', '0', '2017-09-06 10:38:10'),
('000010', '000002', 'lucilfer', 'lucil', '0', '2017-09-06 10:20:08'),
('000008', '000002', 'Kamtumi', 'tahubakso1', 'f3ffb171a02cb844956cbe8811ebdaad', '2017-09-06 09:50:46'),
('000027', '000002', 'irham123', 'inyourdream', '0', '2017-09-06 14:35:38'),
('000006', '000002', 'arifrizalm', 'yurra131', '0', '2017-09-06 09:39:53'),
('000005', '000002', 'arifrizalm', 'yurra131', '0', '2017-09-06 09:35:35'),
('000020', '000002', 'Narantaka wahyu cahy', 'narantaka11', '0', '2017-09-06 11:50:08'),
('000003', '000002', 'arifrizalm', 'yurra131', '0', '2017-09-06 09:32:11'),
('000002', '000002', 'arifrizalm', 'yurra131', '0', '2017-09-06 09:31:59'),
('000009', '000002', 'saiful', 'saiful1234', '0', '2017-09-06 10:18:58');

-- --------------------------------------------------------

--
-- Table structure for table `mswebstatistic`
--

CREATE TABLE `mswebstatistic` (
  `TotalVisited` decimal(18,0) NOT NULL
) ENGINE=MyISAM DEFAULT CHARSET=latin1;

--
-- Dumping data for table `mswebstatistic`
--

INSERT INTO `mswebstatistic` (`TotalVisited`) VALUES
('207856');

-- --------------------------------------------------------

--
-- Table structure for table `trlowonganmasuk`
--

CREATE TABLE `trlowonganmasuk` (
  `IDLowonganMasuk` char(6) NOT NULL,
  `IDLowongan` char(6) NOT NULL,
  `IDPencaker` char(6) NOT NULL,
  `IDKelurahan` char(6) NOT NULL,
  `IDAgama` char(6) NOT NULL,
  `IDStatusPernikahan` char(6) NOT NULL,
  `IDStatusPendidikan` char(6) NOT NULL,
  `IDPosisiJabatan` char(6) NOT NULL,
  `StatusLowongan` tinyint(1) NOT NULL,
  `NomorIndukPencaker` varchar(50) NOT NULL,
  `NamaPencaker` varchar(50) NOT NULL,
  `TempatLahir` varchar(50) NOT NULL,
  `TglLahir` date NOT NULL,
  `JenisKelamin` tinyint(1) NOT NULL,
  `Email` varchar(50) NOT NULL,
  `Telepon` varchar(50) NOT NULL,
  `Alamat` text NOT NULL,
  `KodePos` varchar(50) NOT NULL,
  `Kewarganegaraan` tinyint(1) NOT NULL,
  `Jurusan` varchar(50) NOT NULL,
  `Keterampilan` varchar(50) NOT NULL,
  `NEMIPK` tinyint(1) NOT NULL,
  `Nilai` varchar(50) NOT NULL,
  `TahunLulus` varchar(4) NOT NULL,
  `TinggiBadan` varchar(50) NOT NULL,
  `BeratBadan` varchar(50) NOT NULL,
  `Keterangan` text NOT NULL,
  `Lokasi` tinyint(1) NOT NULL,
  `UpahYangDicari` varchar(50) NOT NULL,
  `RegisterDate` datetime NOT NULL
) ENGINE=MyISAM DEFAULT CHARSET=latin1;

--
-- Dumping data for table `trlowonganmasuk`
--

INSERT INTO `trlowonganmasuk` (`IDLowonganMasuk`, `IDLowongan`, `IDPencaker`, `IDKelurahan`, `IDAgama`, `IDStatusPernikahan`, `IDStatusPendidikan`, `IDPosisiJabatan`, `StatusLowongan`, `NomorIndukPencaker`, `NamaPencaker`, `TempatLahir`, `TglLahir`, `JenisKelamin`, `Email`, `Telepon`, `Alamat`, `KodePos`, `Kewarganegaraan`, `Jurusan`, `Keterampilan`, `NEMIPK`, `Nilai`, `TahunLulus`, `TinggiBadan`, `BeratBadan`, `Keterangan`, `Lokasi`, `UpahYangDicari`, `RegisterDate`) VALUES
('000001', '000001', '000001', '000002', '000001', '000002', '000005', '000005', 0, '12398474632', 'Agus Pugariyadi', 'Jakarta', '1980-08-20', 0, 'agus.seveldu@gmail.com', '085214134407', 'jl.pelampung no.4', '14230', 0, 'Informatika', 'komputer', 1, '367', '2008', '180', '76', '', 0, '10000000', '2017-08-11 00:00:00');

--
-- Indexes for dumped tables
--

--
-- Indexes for table `ci_sessions`
--
ALTER TABLE `ci_sessions`
  ADD PRIMARY KEY (`session_id`),
  ADD KEY `last_activity_idx` (`last_activity`);

--
-- Indexes for table `msagama`
--
ALTER TABLE `msagama`
  ADD PRIMARY KEY (`IDAgama`);

--
-- Indexes for table `msaktivasi`
--
ALTER TABLE `msaktivasi`
  ADD PRIMARY KEY (`IDPencaker`,`IDAktivasi`),
  ADD KEY `FK_MsAktivasi_MsPencaker` (`IDPencaker`);

--
-- Indexes for table `msbahasa`
--
ALTER TABLE `msbahasa`
  ADD PRIMARY KEY (`IDBahasa`),
  ADD KEY `FK_MsBahasaMsPencaker` (`IDPencaker`);

--
-- Indexes for table `msberita`
--
ALTER TABLE `msberita`
  ADD PRIMARY KEY (`IDBerita`);

--
-- Indexes for table `msbidangperusahaan`
--
ALTER TABLE `msbidangperusahaan`
  ADD PRIMARY KEY (`IDBidangPerusahaan`);

--
-- Indexes for table `msevent`
--
ALTER TABLE `msevent`
  ADD PRIMARY KEY (`IDEvent`);

--
-- Indexes for table `msjenislowongan`
--
ALTER TABLE `msjenislowongan`
  ADD PRIMARY KEY (`IDJenisLowongan`);

--
-- Indexes for table `msjenispengupahan`
--
ALTER TABLE `msjenispengupahan`
  ADD PRIMARY KEY (`IDJenisPengupahan`);

--
-- Indexes for table `msjenisuser`
--
ALTER TABLE `msjenisuser`
  ADD PRIMARY KEY (`IDJenisUser`);

--
-- Indexes for table `msjurusan`
--
ALTER TABLE `msjurusan`
  ADD PRIMARY KEY (`IDjurusan`);

--
-- Indexes for table `mskabupaten`
--
ALTER TABLE `mskabupaten`
  ADD PRIMARY KEY (`IDKabupaten`);

--
-- Indexes for table `mskeahlian`
--
ALTER TABLE `mskeahlian`
  ADD PRIMARY KEY (`IDKeahlian`),
  ADD KEY `FK_MsKeahlian_MsJenisLowongan` (`IDJenisLowongan`);

--
-- Indexes for table `mskecamatan`
--
ALTER TABLE `mskecamatan`
  ADD PRIMARY KEY (`IDKecamatan`),
  ADD KEY `FK_MsKecamatan_MsKabupaten` (`IDKabupaten`);

--
-- Indexes for table `mskelurahan`
--
ALTER TABLE `mskelurahan`
  ADD PRIMARY KEY (`IDKelurahan`),
  ADD KEY `FK_MsKelurahan_MsKecamatan` (`IDKecamatan`);

--
-- Indexes for table `mslowongan`
--
ALTER TABLE `mslowongan`
  ADD PRIMARY KEY (`IDLowongan`),
  ADD KEY `FK_MsLowongan_MsPosisiJabatan` (`IDPosisiJabatan`),
  ADD KEY `FK_MsLowongan_MsKeahlian` (`IDKeahlian`),
  ADD KEY `FK_MsLowongan_MsStatusPendidikan` (`IDStatusPendidikan`),
  ADD KEY `FK_MsLowongan_MsJenisPengupahan` (`IDJenisPengupahan`),
  ADD KEY `FK_MsLowongan_MsStatusHubunganKerja` (`IDStatusHubunganKerja`),
  ADD KEY `FK_MsLowongan_MsPerusahaan` (`IDPerusahaan`);

--
-- Indexes for table `msnews`
--
ALTER TABLE `msnews`
  ADD PRIMARY KEY (`IDNews`);

--
-- Indexes for table `mspencaker`
--
ALTER TABLE `mspencaker`
  ADD PRIMARY KEY (`IDPencaker`),
  ADD UNIQUE KEY `NomorIndukPencaker_UNIQUE` (`NomorIndukPencaker`),
  ADD KEY `FK_MsPencaker_MsUser` (`IDUser`),
  ADD KEY `FK_MsPencaker_MsKelurahan` (`IDKelurahan`),
  ADD KEY `FK_MsPencaker_MsStatusPernikahan` (`IDStatusPernikahan`),
  ADD KEY `FK_MsPencaker_MsAgama` (`IDAgama`),
  ADD KEY `FK_MsPencaker_MsStatusPendidikan` (`IDStatusPendidikan`),
  ADD KEY `FK_MsPencaker_MsPosisiJabatan` (`IDPosisiJabatan`);

--
-- Indexes for table `mspencakertemp`
--
ALTER TABLE `mspencakertemp`
  ADD PRIMARY KEY (`IDPencakerTemp`),
  ADD KEY `FK_MsPencakerTemp_MsKelurahan` (`IDKelurahan`),
  ADD KEY `FK_MsPencakerTemp_MsStatusPernikahan` (`IDStatusPernikahan`),
  ADD KEY `FK_MsPencakerTemp_MsAgama` (`IDAgama`),
  ADD KEY `FK_MsPencakerTemp_MsStatusPendidikan` (`IDStatusPendidikan`),
  ADD KEY `FK_MsPencakerTemp_MsPosisiJabatan` (`IDPosisiJabatan`);

--
-- Indexes for table `mspengalaman`
--
ALTER TABLE `mspengalaman`
  ADD PRIMARY KEY (`IDPengalaman`),
  ADD KEY `FK_MsPengalamanMsPencaker` (`IDPencaker`);

--
-- Indexes for table `msperusahaan`
--
ALTER TABLE `msperusahaan`
  ADD PRIMARY KEY (`IDPerusahaan`),
  ADD KEY `FK_MsPerusahaan_MsUser` (`IDUser`),
  ADD KEY `FK_MsPerusahaan_MsBidangPerusahaan` (`IDBidangPerusahaan`),
  ADD KEY `FK_MsPerusahaan_MsKelurahan` (`IDKelurahan`);

--
-- Indexes for table `msperusahaantemp`
--
ALTER TABLE `msperusahaantemp`
  ADD PRIMARY KEY (`IDPerusahaanTemp`),
  ADD KEY `FK_MsPerusahaanTemp_MsBidangPerusahaan` (`IDBidangPerusahaan`),
  ADD KEY `FK_MsPerusahaanTemp_MsKelurahan` (`IDKelurahan`);

--
-- Indexes for table `msposisijabatan`
--
ALTER TABLE `msposisijabatan`
  ADD PRIMARY KEY (`IDPosisiJabatan`);

--
-- Indexes for table `msresetpassword`
--
ALTER TABLE `msresetpassword`
  ADD PRIMARY KEY (`IDUser`),
  ADD KEY `FK_MsResetPassword_MsUser` (`IDUser`);

--
-- Indexes for table `msstatushubungankerja`
--
ALTER TABLE `msstatushubungankerja`
  ADD PRIMARY KEY (`IDStatusHubunganKerja`);

--
-- Indexes for table `msstatuspendidikan`
--
ALTER TABLE `msstatuspendidikan`
  ADD PRIMARY KEY (`IDStatusPendidikan`);

--
-- Indexes for table `msstatuspernikahan`
--
ALTER TABLE `msstatuspernikahan`
  ADD PRIMARY KEY (`IDStatusPernikahan`);

--
-- Indexes for table `mstingkatpendidikan`
--
ALTER TABLE `mstingkatpendidikan`
  ADD PRIMARY KEY (`IDTingkatPendidikan`);

--
-- Indexes for table `msuser`
--
ALTER TABLE `msuser`
  ADD PRIMARY KEY (`IDUser`),
  ADD KEY `FK_MsUser_MsTypeUser` (`IDJenisUser`);

--
-- Indexes for table `mswebstatistic`
--
ALTER TABLE `mswebstatistic`
  ADD PRIMARY KEY (`TotalVisited`);

--
-- Indexes for table `trlowonganmasuk`
--
ALTER TABLE `trlowonganmasuk`
  ADD PRIMARY KEY (`IDLowonganMasuk`),
  ADD KEY `FK_TrLowonganMasuk_IDLowongan` (`IDLowongan`),
  ADD KEY `FK_TrLowonganMasuk_MsPencaker` (`IDPencaker`),
  ADD KEY `FK_TrLowonganMasuk_MsKelurahan` (`IDKelurahan`),
  ADD KEY `FK_TrLowonganMasuk_MsStatusPernikahan` (`IDStatusPernikahan`),
  ADD KEY `FK_TrLowonganMasuk_MsAgama` (`IDAgama`),
  ADD KEY `FK_TrLowonganMasuk_MsStatusPendidikan` (`IDStatusPendidikan`),
  ADD KEY `FK_TrLowonganMasuk_MsPosisiJabatan` (`IDPosisiJabatan`);
COMMIT;

/*!40101 SET CHARACTER_SET_CLIENT=@OLD_CHARACTER_SET_CLIENT */;
/*!40101 SET CHARACTER_SET_RESULTS=@OLD_CHARACTER_SET_RESULTS */;
/*!40101 SET COLLATION_CONNECTION=@OLD_COLLATION_CONNECTION */;
