-- phpMyAdmin SQL Dump
-- version 4.8.3
-- https://www.phpmyadmin.net/
--
-- Host: 127.0.0.1
-- Generation Time: Feb 12, 2019 at 05:50 AM
-- Server version: 10.1.34-MariaDB
-- PHP Version: 5.6.37

SET SQL_MODE = "NO_AUTO_VALUE_ON_ZERO";
SET AUTOCOMMIT = 0;
START TRANSACTION;
SET time_zone = "+00:00";


/*!40101 SET @OLD_CHARACTER_SET_CLIENT=@@CHARACTER_SET_CLIENT */;
/*!40101 SET @OLD_CHARACTER_SET_RESULTS=@@CHARACTER_SET_RESULTS */;
/*!40101 SET @OLD_COLLATION_CONNECTION=@@COLLATION_CONNECTION */;
/*!40101 SET NAMES utf8mb4 */;

--
-- Database: `db_bkol`
--

-- --------------------------------------------------------

--
-- Table structure for table `ci_sessions`
--

CREATE TABLE `ci_sessions` (
  `session_id` varchar(40) NOT NULL DEFAULT '0',
  `ip_address` varchar(45) NOT NULL DEFAULT '0',
  `user_agent` varchar(120) NOT NULL,
  `last_activity` int(10) UNSIGNED NOT NULL DEFAULT '0',
  `user_data` text NOT NULL
) ENGINE=MyISAM DEFAULT CHARSET=latin1;

--
-- Dumping data for table `ci_sessions`
--

INSERT INTO `ci_sessions` (`session_id`, `ip_address`, `user_agent`, `last_activity`, `user_data`) VALUES
('901ac971f951002e87f0cf4a4145d2d0', '::1', 'Mozilla/5.0 (Windows NT 6.1; Win64; x64) AppleWebKit/537.36 (KHTML, like Gecko) Chrome/71.0.3578.98 Safari/537.36', 1549946824, 'a:4:{s:9:\"user_data\";s:0:\"\";s:6:\"iduser\";s:6:\"000000\";s:8:\"username\";s:5:\"admin\";s:11:\"idjenisuser\";s:6:\"000000\";}');

-- --------------------------------------------------------

--
-- Table structure for table `msagama`
--

CREATE TABLE `msagama` (
  `IDAgama` char(6) NOT NULL,
  `NamaAgama` varchar(50) NOT NULL
) ENGINE=MyISAM DEFAULT CHARSET=latin1;

--
-- Dumping data for table `msagama`
--

INSERT INTO `msagama` (`IDAgama`, `NamaAgama`) VALUES
('000001', 'Islam'),
('000002', 'Katholik'),
('000003', 'Protestan'),
('000004', 'Hindu'),
('000005', 'Budha');

-- --------------------------------------------------------

--
-- Table structure for table `msaktivasi`
--

CREATE TABLE `msaktivasi` (
  `IDAktivasi` char(6) NOT NULL,
  `IDPencaker` char(6) NOT NULL,
  `RegisterDate` datetime NOT NULL
) ENGINE=MyISAM DEFAULT CHARSET=latin1;

-- --------------------------------------------------------

--
-- Table structure for table `msbahasa`
--

CREATE TABLE `msbahasa` (
  `IDBahasa` char(6) NOT NULL,
  `IDPencaker` char(6) NOT NULL,
  `NamaBahasa` varchar(45) NOT NULL
) ENGINE=MyISAM DEFAULT CHARSET=latin1;

-- --------------------------------------------------------

--
-- Table structure for table `msberita`
--

CREATE TABLE `msberita` (
  `IDBerita` char(6) NOT NULL,
  `TglBerita` date NOT NULL,
  `JudulBerita` varchar(50) NOT NULL,
  `IsiBerita` longtext NOT NULL
) ENGINE=MyISAM DEFAULT CHARSET=latin1;

-- --------------------------------------------------------

--
-- Table structure for table `msbidangperusahaan`
--

CREATE TABLE `msbidangperusahaan` (
  `IDBidangPerusahaan` char(6) NOT NULL,
  `NamaBidangPerusahaan` varchar(50) NOT NULL
) ENGINE=MyISAM DEFAULT CHARSET=latin1;

--
-- Dumping data for table `msbidangperusahaan`
--

INSERT INTO `msbidangperusahaan` (`IDBidangPerusahaan`, `NamaBidangPerusahaan`) VALUES
('000001', 'OTOMOTIF'),
('000002', 'FUNITURE'),
('000003', 'TEXTILE'),
('000005', 'RENTAL MOBIL'),
('000006', 'RENTAL PULSA'),
('000007', 'PANEL LISTRIK'),
('000009', 'INDUSTRI PENGOLAHAN'),
('000011', 'JASA PENGIRIMAN'),
('000012', 'PERDAGANGAN'),
('000015', 'PERBANKAN'),
('000016', 'GARMENT'),
('000017', 'SOSIAL KEMASYARAKATAN'),
('000018', 'ELEKTRONomorIndukPencaker'),
('000021', 'PROPERTI'),
('000022', 'JASA PENGENDALIAN HAMA'),
('000023', 'OLEO CHEMICAL'),
('000024', 'PEMBIAYAAN'),
('000025', 'PELAYANAN PERPARKIRAN'),
('000026', 'SUPERVISOR'),
('000027', 'PENDIDIKAN'),
('000028', 'PENGOLAHAN MAKANAN DAN MINUMAN'),
('000031', 'MANUFACTURING'),
('000032', 'JASA CATHERING'),
('000033', 'PERTAMBANGAN'),
('000034', 'PEMERINTAHAN'),
('000035', 'KESEHATAN'),
('000036', 'ASURANSI'),
('000037', 'JASA KEUANGAN'),
('000038', 'RETAIL'),
('000039', 'EKSPEDISI'),
('000040', 'PJTKI'),
('000041', 'PENGOLAHAN KIMIA'),
('000042', 'MASANGGER'),
('000043', 'SPBU'),
('000044', 'PEMBUATAN SEPATU'),
('000045', 'INDUSTRI');

-- --------------------------------------------------------

--
-- Table structure for table `mschat`
--

CREATE TABLE `mschat` (
  `id` int(11) NOT NULL,
  `pengirim` varchar(11) DEFAULT NULL,
  `penerima` varchar(11) DEFAULT NULL,
  `pesan` text,
  `date` datetime DEFAULT NULL,
  `status` enum('R','D') DEFAULT NULL
) ENGINE=InnoDB DEFAULT CHARSET=latin1;

-- --------------------------------------------------------

--
-- Table structure for table `msevent`
--

CREATE TABLE `msevent` (
  `IDEvent` char(6) NOT NULL,
  `TglEvent` date NOT NULL,
  `JudulEvent` varchar(50) NOT NULL,
  `IsiEvent` longtext NOT NULL
) ENGINE=MyISAM DEFAULT CHARSET=latin1;

-- --------------------------------------------------------

--
-- Table structure for table `msjenislowongan`
--

CREATE TABLE `msjenislowongan` (
  `IDJenisLowongan` char(6) NOT NULL,
  `NamaJenisLowongan` varchar(45) NOT NULL
) ENGINE=MyISAM DEFAULT CHARSET=latin1;

--
-- Dumping data for table `msjenislowongan`
--

INSERT INTO `msjenislowongan` (`IDJenisLowongan`, `NamaJenisLowongan`) VALUES
('000001', 'Computer / IT'),
('000002', 'Accounting / Finance'),
('000003', 'Sales / Marketing'),
('000004', 'Admin / HR'),
('000005', 'Engineering'),
('000006', 'Manufacturing'),
('000007', 'Building / Construction'),
('000008', 'Hotel / Restaurant'),
('000009', 'Education / Trainer'),
('000010', 'Arts / Media / Comm'),
('000011', 'Services'),
('000012', 'Sciences'),
('000013', 'Caddy'),
('000014', 'Management Trainee'),
('000015', 'Driver'),
('000016', 'MARKETING EXPORT'),
('000017', 'SUPERVISOR'),
('000018', 'STAFF PENGAJAR'),
('000019', 'Produksi'),
('000020', 'Manajer'),
('000021', 'PERTAMBANGAN'),
('000022', 'TEKNISI'),
('000023', 'Kepala Unit Produksi'),
('000024', 'Security'),
('000025', 'STAFF ADMINISTRASI'),
('000026', 'STAFF PEMASARAN'),
('000027', 'STAFF ACCOUNTING'),
('000028', 'STAFF IT'),
('000029', 'Programer'),
('000030', 'Koordinator'),
('000032', 'KESEHATAN'),
('000033', 'Purchasing'),
('000034', 'Safety'),
('000035', 'Project'),
('000036', 'Staf Gudang'),
('000037', 'Waitress'),
('999999', 'Lainnya');

-- --------------------------------------------------------

--
-- Table structure for table `msjenispengupahan`
--

CREATE TABLE `msjenispengupahan` (
  `IDJenisPengupahan` char(6) NOT NULL,
  `NamaJenisPengupahan` varchar(45) NOT NULL
) ENGINE=MyISAM DEFAULT CHARSET=latin1;

--
-- Dumping data for table `msjenispengupahan`
--

INSERT INTO `msjenispengupahan` (`IDJenisPengupahan`, `NamaJenisPengupahan`) VALUES
('000001', 'Borongan'),
('000002', 'Harian'),
('000003', 'Mingguan'),
('000004', 'Bulanan');

-- --------------------------------------------------------

--
-- Table structure for table `msjenisuser`
--

CREATE TABLE `msjenisuser` (
  `IDJenisUser` char(6) NOT NULL,
  `NamaJenisUser` varchar(45) NOT NULL
) ENGINE=MyISAM DEFAULT CHARSET=latin1;

--
-- Dumping data for table `msjenisuser`
--

INSERT INTO `msjenisuser` (`IDJenisUser`, `NamaJenisUser`) VALUES
('000000', 'Admin'),
('000001', 'Perusahaan'),
('000002', 'Pencari Kerja');

-- --------------------------------------------------------

--
-- Table structure for table `msjurusan`
--

CREATE TABLE `msjurusan` (
  `IDjurusan` char(6) NOT NULL,
  `IDStatusPendidikan` char(6) NOT NULL,
  `Jurusan` varchar(50) NOT NULL
) ENGINE=MyISAM DEFAULT CHARSET=utf8;

--
-- Dumping data for table `msjurusan`
--

INSERT INTO `msjurusan` (`IDjurusan`, `IDStatusPendidikan`, `Jurusan`) VALUES
('000077', '000004', 'PELAYARAN'),
('000076', '000004', 'PARIWISATA'),
('000075', '000004', 'OTOMASI INDUSTRI'),
('000074', '000004', 'MULTIMEDIA'),
('000073', '000004', 'MESIN TENAGA'),
('000072', '000004', 'MESIN PRODUKSI'),
('000071', '000004', 'MESIN INDUSTRI'),
('000070', '000004', 'MEKATRONIKA'),
('000069', '000004', 'MEKANISASI PERTANIAN'),
('000068', '000004', 'MEKANIK UMUM'),
('000067', '000004', 'MEKANIK INDUSTRI'),
('000066', '000004', 'MANAJEMEN KOPERASI'),
('000065', '000004', 'KIMIA INDUSTRI'),
('000064', '000004', 'KIMIA ANALIS'),
('000063', '000004', 'KIMIA'),
('000062', '000004', 'KETENAGALISTRIKAN'),
('000061', '000004', 'KESEHATAN'),
('000060', '000004', 'KERAJINAN'),
('000059', '000004', 'KECANTIKAN'),
('000058', '000004', 'INSTRUMENTASI LOGAM'),
('000057', '000004', 'INSTALASI TENAGA LISTRIK'),
('000056', '000004', 'GRAFIKA'),
('000055', '000004', 'GEOLOGI TAMBANG'),
('000054', '000004', 'ELEKTRONIKA'),
('000053', '000004', 'DESAIN DAN PRODUKSI KRIA'),
('000052', '000004', 'BUDIDAYA TERNAK'),
('000051', '000004', 'BUDIDAYA PERAIRAN'),
('000050', '000004', 'BUDIDAYA IKAN'),
('000049', '000004', 'BISNIS MANAJEMEN'),
('000048', '000004', 'BANGUNAN'),
('000047', '000004', 'AKUTANSI DAN MANAJEMEN'),
('000046', '000004', 'AKUNTANSI'),
('000045', '000004', 'AGRO BISNIS'),
('000044', '000004', 'TEKNOLOGI'),
('000043', '000004', 'AGRI BISNIS'),
('000042', '000004', 'ADM PERKANTORAN'),
('000041', '000004', 'TEKNIK MEKANIK OTOMOTIF'),
('000040', '000004', 'TEKNIK LISTRIK'),
('000039', '000004', 'TEKNIK LAS'),
('000038', '000004', 'PERPAJAKAN'),
('000037', '000004', 'PERIKANAN'),
('000036', '000004', 'PEMELIHARAAN PESAWAT TERBANG'),
('000035', '000004', 'OTOMOTIF'),
('000034', '000004', 'KEUANGAN'),
('000033', '000004', 'AIRFRAME-POWERPLANT'),
('000032', '000004', 'SMK TATA BUSANA'),
('000031', '000004', 'SMK PEKERJAAN SOSIAL'),
('000030', '000004', 'SMK MESIN PERKAKAS'),
('000029', '000004', 'SMK KRIA LOGAM'),
('000028', '000004', 'SMK KEPERAWATAN'),
('000027', '000004', 'SMK BUDIDAYA TANAMAN'),
('000026', '000004', 'TEKNIK GAMBAR BANGUNAN'),
('000025', '000004', 'PEMASARAN'),
('000024', '000004', 'SEKOLAH PERAWAT KESEHATAN'),
('000023', '000004', 'SEKOLAH ANALIS KIMIA MENENGAH ATAS'),
('000022', '000004', 'PERKAYUAN'),
('000021', '000004', 'PERBANKAN'),
('000020', '000004', 'PERAWATAN SOSIAL'),
('000019', '000004', 'PERAWAT GIGI'),
('000018', '000004', 'PENYULUHAN PERTANIAN'),
('000017', '000004', 'PEKERJAAN SOSIAL'),
('000016', '000004', 'MEKANISASI'),
('000015', '000004', 'MANAJEMEN INFORMATIKA'),
('000014', '000004', 'MANAJEMEN BISNIS'),
('000013', '000004', 'MANAJEMEN AKUNTANSI'),
('000012', '000004', 'MANAJEMEN'),
('000011', '000004', 'KOMPUTER DAN INFORMATIKA'),
('000010', '000004', 'KESENIAN DAN SENI RUPA'),
('000009', '000004', 'KESEJAHTERAAN RUMAH TANGGA'),
('000008', '000004', 'KESEHATAN'),
('000007', '000004', 'KEHUTANAN'),
('000006', '000004', 'KECANTIKAN RAMBUT'),
('000005', '000004', 'FARMASI'),
('000004', '000004', 'ELEKTRONIKA KOMUNIKASI'),
('000003', '000004', 'BUSANA BUTIK'),
('000002', '000004', 'ANALISA FARMASI & MAKANAN'),
('000001', '000004', 'AGRIBISNIS DAN ARGOINDUSTRI'),
('000000', '000004', 'PERIKANAN'),
('000078', '000004', 'PEMBORAN MINYAK & GAS BUMI'),
('000079', '000004', 'PENJUALAN'),
('000080', '000004', 'PERBANKAN SYARIAH'),
('000081', '000004', 'PERDAGANGAN'),
('000082', '000004', 'PERHOTELAN'),
('000083', '000004', 'PERTANIAN DAN KEHUTANAN'),
('000084', '000004', 'PETERNAKAN'),
('000085', '000004', 'PRODUKSI'),
('000086', '000004', 'REKAYASA PERANGKAT LUNAK'),
('000087', '000004', 'SASTRA INGGRIS'),
('000088', '000004', 'SEKRETARIS'),
('000089', '000004', 'SENI DAN KERAJINAN'),
('000090', '000004', 'SUITSING'),
('000091', '000004', 'SURVEI PEMETAAN'),
('000092', '000004', 'T.HASIL PERTANIAN'),
('000093', '000004', 'TATA BOGA'),
('000094', '000004', 'TATA BUKU'),
('000095', '000004', 'TATA NIAGA'),
('000096', '000004', 'TATA USAHA'),
('000097', '000004', 'TEKNIK AKSES RADIO'),
('000098', '000004', 'TEKNIK AUDIO VIDEO'),
('000099', '000004', 'TEKNIK ELEKTRO'),
('000100', '000004', 'TEKNIK ELEKTRONIKA INDUSTRI'),
('000101', '000004', 'TEKNIK GAMBAR MESIN'),
('000102', '000004', 'TEKNIK INFORMATIKA'),
('000103', '000004', 'TEKNIK KENDARAAN RINGAN'),
('000104', '000004', 'TEKNIK KOMPUTER DAN JARINGAN'),
('000105', '000004', 'TEKNIK MESIN'),
('000106', '000004', 'TEKNIK OTOMOTIF KENDARAAN RINGAN'),
('000107', '000004', 'TEKNIK PEMESINAN'),
('000108', '000004', 'TEKNIK PENDINGIN DAN TATA UDARA'),
('000109', '000004', 'TEKNIK SEPEDA MOTOR'),
('000110', '000004', 'TEKNIK SIPIL'),
('000111', '000004', 'TEKNIK TELEKOMUNIKASI'),
('000112', '000004', 'TEKNOLOGI PESAWAT UDARA'),
('000113', '000004', 'TEKSTIL'),
('000114', '000004', 'SMK PERKAPALAN'),
('000115', '000004', 'SOSIAL'),
('000116', '000004', 'SPK PERAWAT'),
('000117', '000004', 'SPM PERIKANAN'),
('000118', '000004', 'SPM-NAUTIKA'),
('000119', '000004', 'SPMA PERTANIAN'),
('000120', '000004', 'SPMA PETERNAKAN'),
('000121', '000004', 'ST. TEKNIK LOGAM'),
('000122', '000004', 'SURVAI DAN PEMETAAN'),
('000123', '000004', 'TAK TERDEFINISI'),
('000124', '000004', 'TEKNIK KAPAL PENANGKAPAN IKAN'),
('000125', '000004', 'TEKNIK KONTRUKSI BATU DAN BETON'),
('000126', '000004', 'TEXTILE'),
('000127', '000004', 'ELEKTRONIKA INDUSTRI'),
('000128', '000004', 'MANAJEMEN BISNIS'),
('000129', '000004', 'MANAJEMEN BISNIS'),
('000130', '000004', 'BUDIDAYA TANAMAN'),
('000131', '000004', 'MESIN PERKAKAS'),
('000132', '000004', 'PENERBANGAN'),
('000133', '000004', 'TATA BUSANA'),
('000134', '000004', 'TEKNIK PERKAPALAN'),
('000135', '000004', 'TEKNIK PERKAPALAN'),
('000136', '000004', 'ILMU ILMU SOSIAL'),
('000137', '000004', 'SENI TARI'),
('000138', '000004', 'TEKNOLOGI PENGERJAAN LOGAM'),
('000139', '000004', 'AGRIBISNIS PEMBIBITAN TANAMAN'),
('000140', '000004', 'MOTOR DAN RANGKA PESAWAT TERBANG'),
('000141', '000004', 'MOTOR DAN RANGKA PESAWAT TERBANG'),
('000142', '000004', 'OTOMOTIF'),
('000143', '000004', 'LISTRIK'),
('000144', '000004', 'MESIN'),
('000145', '000004', 'PEMASARAN'),
('000146', '000004', 'TEKNIK PERMESINAN'),
('000147', '000004', 'MULTI MEDIA'),
('000148', '000004', 'SMK OTOMOTIF'),
('000149', '000004', 'TEKNIK AUDIO VIDIO'),
('000150', '000004', 'PAKET C'),
('000151', '000004', 'KEPERAWATAN'),
('000152', '000004', 'ELEKTRO'),
('000153', '000004', 'FARMASI'),
('000154', '000004', 'ANALISIS KESEHATAN'),
('000155', '000004', 'MA/ KEAGAMAAN'),
('000156', '000004', 'PERBANKAN'),
('000157', '000004', 'PEMESINAN'),
('000158', '000004', 'SMK ADM PERKANTORAN'),
('000159', '000004', 'SMK M.OTOMOTIF'),
('000160', '000004', 'SMK MULTI MEDIA'),
('000161', '000004', 'T.KOMPUTER/RPL'),
('000162', '000004', 'KOMPUTER/TKJ'),
('000163', '000004', 'SMF/ SMK FARMASI'),
('000164', '000004', 'T. INFORMASI & KOMUNIKASI'),
('000165', '000004', 'PERTANIAN'),
('000166', '000004', 'M.INDUSTRI'),
('000167', '000004', 'LAS'),
('000168', '000004', 'TEKNIK KOMPUTER & INFORMATIKA'),
('000169', '000004', 'PEMANFAATAN TENAGA LISTRIK'),
('000170', '000004', 'LISTRIK INDUSTRI'),
('000171', '000004', 'B.TANAMAN PANGAN DAN HOLTIKUTURA'),
('000172', '000004', 'TEKNIK PENYIARAN RADIO'),
('000173', '000004', 'TEKNIK OTOMOTIF'),
('000174', '000004', 'TEKNIK OTOTRONIK'),
('000175', '000004', 'KELISTRIKAN PESAWAT UDARA'),
('000176', '000004', 'TEKNOLOGI'),
('000177', '000004', 'TEKNOLOGI'),
('000178', '000004', 'PERDAGANGAN'),
('000179', '000004', 'TEKNIK ELEKTRO KOMUNIKASI'),
('000180', '000004', 'PERAWAT'),
('000181', '000004', 'KEUANGAN'),
('000182', '000004', 'PERSIAPAN GRAFIKA'),
('000183', '000004', 'NAUTIKA KAPAL NAUTIKA'),
('000184', '000004', 'ANALIS KIMIA'),
('000185', '000004', 'AIR FRAME & POWERPLANT'),
('000186', '000004', 'TEKNIK GAMBAR BANGUNAN'),
('000187', '000004', 'TEKNIK PERKAYUAN'),
('000188', '000004', 'TEKNOLOGI INFORMASI KOMUNIKASI'),
('000189', '000004', 'T. PENGOLAHAN HSL PERTANIAN'),
('000190', '000004', 'ELEKTRO KOMUNIKASI'),
('000191', '000004', 'TEKNIK FABRIKASI LOGAM'),
('000192', '000004', 'TEKNIK PENGECORAN LOGAM'),
('000193', '000005', 'SMA - IPA'),
('000194', '000005', 'SMA - IPS'),
('000195', '000005', 'SMA - BAHASA'),
('000196', '000005', 'MA - IPA'),
('000197', '000005', 'MA - BAHASA'),
('000198', '000005', 'MA - IPS'),
('000253', '000006', 'ACCOUNTING KOMPUTER'),
('000199', '000006', 'ADMINISTRASI KEUANGAN'),
('000200', '000006', 'ADMINISTRASI PERKANTORAN'),
('000201', '000006', 'AHLI GIZI'),
('000202', '000006', 'ANALIS KOMPUTER'),
('000203', '000006', 'ANTROPOLOGI'),
('000204', '000006', 'BAHASA ARAB'),
('000205', '000006', 'BAHASA INDONESIA'),
('000206', '000006', 'BAHASA INGGRIS'),
('000207', '000006', 'BEA CUKAI'),
('000208', '000006', 'BIOLOGI'),
('000209', '000006', 'BISNIS MANAJEMEN'),
('000210', '000006', 'DIPLOMA I/AKTA I LAINNYA'),
('000211', '000006', 'EKONOMI'),
('000212', '000006', 'FOOD/ BAVARAGE'),
('000213', '000006', 'GEOGRAFI'),
('000214', '000006', 'HUKUM'),
('000215', '000006', 'ILMU KIMIA'),
('000216', '000006', 'ILMU KOMPUTER'),
('000217', '000006', 'INFORMATIKA KOMPUTER'),
('000218', '000006', 'IPA/FISIKA'),
('000219', '000006', 'IPS'),
('000220', '000006', 'KEPABEANAN DAN CUKAI'),
('000221', '000006', 'KERJA KAYU'),
('000222', '000006', 'KESEHATAN'),
('000223', '000006', 'KESEKRETARIATAN'),
('000224', '000006', 'KESENIAN'),
('000225', '000006', 'KETRAMPILAN'),
('000226', '000006', 'KOMPUTER & ADMINISTRASI BISNIS'),
('000227', '000006', 'KOMPUTER AKUNTANSI'),
('000228', '000006', 'MANAJEMEN FARMASI'),
('000229', '000006', 'MANAJEMEN INFORMATIKA'),
('000230', '000006', 'MATEMATIKA'),
('000231', '000006', 'METEOROLOGI'),
('000232', '000006', 'OLAH RAGA KESEHATAN'),
('000233', '000006', 'PARIWISATA'),
('000234', '000006', 'PENDIDIKAN KESEJAHTERAAN SOSIAL'),
('000235', '000006', 'PENDIDIKAN LUAR SEKOLAH'),
('000236', '000006', 'PENDIDIKAN MORAL PANCASILA'),
('000237', '000006', 'PERBANKAN'),
('000238', '000006', 'PERHOTELAN'),
('000239', '000006', 'PGTK'),
('000240', '000006', 'PROGRAM KOMPUTER'),
('000241', '000006', 'PSIKOLOGI'),
('000242', '000006', 'SEJARAH'),
('000243', '000006', 'SEKRETARIS'),
('000244', '000006', 'TEKNIK INFORMATIKA'),
('000245', '000006', 'TEKNIK LISTRIK'),
('000246', '000006', 'TEKNIK MESIN'),
('000247', '000006', 'TEKNIK SIPIL'),
('000248', '000006', 'TEKNOLOGI TRANFUSI DARAH'),
('000249', '000006', 'KEBIDANAN'),
('000250', '000006', 'SASTRA JEPANG'),
('000251', '000006', 'KOMPUTER ADM. PERKANTORAN'),
('000252', '000006', 'AUTOMOTIF'),
('000254', '000007', 'ADMINISTRASI'),
('000255', '000007', 'AKUTANSI'),
('000256', '000007', 'ANTROPOLOGI'),
('000257', '000007', 'APPLIKASION DEVLOPINENT PROFESIONAL'),
('000258', '000007', 'BAHASA ARAB'),
('000259', '000007', 'BAHASA INDONESIA'),
('000260', '000007', 'BAHASA INGGRIS'),
('000261', '000007', 'BIOLOGI'),
('000262', '000007', 'DII LAINNYA'),
('000263', '000007', 'EKONOMI'),
('000264', '000007', 'GEOGRAFI'),
('000265', '000007', 'HUKUM'),
('000266', '000007', 'IPA'),
('000267', '000007', 'KERJA KAYU'),
('000268', '000007', 'KESEKRETARIATAN'),
('000269', '000007', 'KESENIAN'),
('000270', '000007', 'KETRAMPILAN'),
('000271', '000007', 'KIMIA'),
('000272', '000007', 'KOMPUTER AKUNTANSI'),
('000273', '000007', 'MARKETING'),
('000274', '000007', 'MATEMATIKA'),
('000275', '000007', 'OFFICE MANAGEMENT'),
('000276', '000007', 'OLAH RAGA'),
('000277', '000007', 'PEND. GURU MAGRASAH IBTIDAIYAH / SD'),
('000278', '000007', 'PEND. GURU TAMAN KANAK-KANAK'),
('000279', '000007', 'PENDIDIKAN'),
('000280', '000007', 'PENDIDIKAN AGAMA ISLAM'),
('000281', '000007', 'PENDIDIKAN KESEJAHTERAAN KELUARGA'),
('000282', '000007', 'PENDIDIKAN LUAR SEKOLAH'),
('000283', '000007', 'PENDIDIKAN MORAL PANCASILA'),
('000284', '000007', 'PENDIDIKAN SOSIAL'),
('000285', '000007', 'PENGUJIAN KENDARAAN BERMOTOR'),
('000286', '000007', 'PGSD'),
('000287', '000007', 'PGTK'),
('000288', '000007', 'PSIKOLOGI'),
('000289', '000007', 'SEJARAH'),
('000290', '000007', 'TAK TERDEFINISI'),
('000291', '000007', 'TEKNIK LISTRIK'),
('000292', '000007', 'TEKNIK MESIN'),
('000293', '000007', 'TEKNIK SIPIL'),
('000294', '000007', 'TRANSFORTASI DARAT'),
('000295', '000007', 'PERPUSTAKAAN'),
('000296', '000007', 'TARBIYAH'),
('000297', '000007', 'TEKNIK INFORMATIKA'),
('000298', '000007', 'PROGAMER'),
('000299', '000007', 'MANAJEMEN PERHOTELAN'),
('000300', '000008', 'ADM PERKANTORAN & SEKRETARIS'),
('000301', '000008', 'ADMINISTRASI'),
('000302', '000008', 'ADMINISTRASI BISNIS'),
('000303', '000008', 'ADMINISTRASI KEUANGAN'),
('000304', '000008', 'ADMINISTRASI PENDIDIKAN'),
('000305', '000008', 'ADMINISTRASI PERKANTORAN'),
('000306', '000008', 'ADMINISTRASI PERPAJAKAN'),
('000307', '000008', 'AERONAUTIKA'),
('000308', '000008', 'AKUNTANSI'),
('000309', '000008', 'AKUNTANSI PERPAJAKAN'),
('000310', '000008', 'ANAK BUAH KAPAL DAN TEKNISI PELAYARAN'),
('000311', '000008', 'ANALIS FARMASI & MAKANAN'),
('000312', '000008', 'ANALIS KESEHATAN'),
('000313', '000008', 'ANALISA PRODUK'),
('000314', '000008', 'ANALISIS KIMIA'),
('000315', '000008', 'ANALYST'),
('000316', '000008', 'ANASTESI'),
('000317', '000008', 'ANTROPOLOGI'),
('000318', '000008', 'APOTEKER'),
('000319', '000008', 'ARKEOLOGI'),
('000320', '000008', 'ARSITEKTUR'),
('000321', '000008', 'ASTRONOMI'),
('000322', '000008', 'BAHASA ARAB'),
('000323', '000008', 'BAHASA BELANDA'),
('000324', '000008', 'BAHASA CINA'),
('000325', '000008', 'BAHASA DAERAH'),
('000326', '000008', 'BAHASA INDONESIA'),
('000327', '000008', 'BAHASA INGGRIS'),
('000328', '000008', 'BAHASA JEPANG'),
('000329', '000008', 'BAHASA JERMAN'),
('000330', '000008', 'BAHASA PERANCIS'),
('000331', '000008', 'BAHASA RUSIA'),
('000332', '000008', 'BAHSA BELANDA'),
('000333', '000008', 'BAHSA INDONESIA'),
('000334', '000008', 'BAHSA JEPANG'),
('000335', '000008', 'BIMBINGAN DAN PENYULUHAN'),
('000336', '000008', 'BIOLOGI'),
('000337', '000008', 'BIOLOGI/ILMU HAYAT'),
('000338', '000008', 'BISNIS INTERNASIONAL'),
('000339', '000008', 'DIII LAINYA'),
('000340', '000008', 'EKONOMI'),
('000341', '000008', 'EKONOMI PERTANIAN'),
('000342', '000008', 'FARMASI'),
('000343', '000008', 'FILSAFAT'),
('000344', '000008', 'FISIKA'),
('000345', '000008', 'FISIKA TEKNIK'),
('000346', '000008', 'FISIOTERAPI'),
('000347', '000008', 'GEOGRAFI'),
('000348', '000008', 'GEOGRAPI'),
('000349', '000008', 'GEOLOGI DAN PERTAMBANGAN'),
('000350', '000008', 'GIZI'),
('000351', '000008', 'HASIL PERTANIAN'),
('000352', '000008', 'HIPERKES DAN KESELAMATAN KERJA'),
('000353', '000008', 'HORTIKULTURA'),
('000354', '000008', 'HOTEL, RESTORAN DAN PARAWISATA'),
('000355', '000008', 'HUBUNGAN MASYARAKAT'),
('000356', '000008', 'HUKUM'),
('000357', '000008', 'ILMU KEBIDANAN'),
('000358', '000008', 'ILMU KIMIA'),
('000359', '000008', 'ILMU KOMPUTER'),
('000360', '000008', 'ILMU KOMUNIKASI'),
('000361', '000008', 'ILMU KOMUNIKASI MASSA'),
('000362', '000008', 'ILMU PASTI/ALAM LAINNYA'),
('000363', '000008', 'ILMU POLITIK'),
('000364', '000008', 'ILMU STATISTIK'),
('000365', '000008', 'ILMU TANAH DAN AIR'),
('000366', '000008', 'IPS/BUDAYA LAINNYA'),
('000367', '000008', 'KEAGAMAAN DAN ILMU KETUHANAN (IAIN)'),
('000368', '000008', 'KEARSIPAN'),
('000369', '000008', 'KEBAHASAAN'),
('000370', '000008', 'KEBIDANAN'),
('000371', '000008', 'KEDOKTERAN GIGI'),
('000372', '000008', 'KEDOKTERAN HEWAN'),
('000373', '000008', 'KEDOKTERAN UMUM'),
('000374', '000008', 'KEHUTANAN'),
('000375', '000008', 'KEJURUAN'),
('000376', '000008', 'KEPERAWATAN'),
('000377', '000008', 'KEPERAWATAN GIGI'),
('000378', '000008', 'KESEHATAN GIGI'),
('000379', '000008', 'KESEHATAN LAINNYA'),
('000380', '000008', 'KESEHATAN LINGKUNGAN'),
('000381', '000008', 'KESEHATAN MASYARAKAT'),
('000382', '000008', 'KESEJAHTERAAN KELUARGA'),
('000383', '000008', 'KESEKRETARIATAN'),
('000384', '000008', 'KESENIAN'),
('000385', '000008', 'KETRAMPILAN'),
('000386', '000008', 'KEUANGAN DAN PAJAK'),
('000387', '000008', 'KEUANGAN DAN PERBANKAN'),
('000388', '000008', 'KIMIA'),
('000389', '000008', 'KIMIA ANALIS'),
('000390', '000008', 'KOMPUTER AKUNTANSI'),
('000391', '000008', 'KOMUNIKASI'),
('000392', '000008', 'KOMUNIKASI BROADCASTING'),
('000393', '000008', 'KONSTRUKSI'),
('000394', '000008', 'KURIKULUM'),
('000395', '000008', 'LALU LINTAS DAN ANGKUTAN JALAN'),
('000396', '000008', 'MANAJEMEN'),
('000397', '000008', 'MANAJEMEN ADMINISTRASI'),
('000398', '000008', 'MANAJEMEN ADMINISTRASI RUMAH SAKIT'),
('000399', '000008', 'MANAJEMEN INDUSTRI'),
('000400', '000008', 'MANAJEMEN INFORMASI'),
('000401', '000008', 'MANAJEMEN INFORMASI KESEHATAN DAN REKAM MEDIS'),
('000402', '000008', 'MANAJEMEN INFORMATIKA'),
('000403', '000008', 'MANAJEMEN INFORMATIKA DAN KOMPUTER'),
('000404', '000008', 'MANAJEMEN KEUANGAN'),
('000405', '000008', 'MANAJEMEN PARIWISATA'),
('000406', '000008', 'MANAJEMEN PELAYANAN RUMAH SAKIT'),
('000407', '000008', 'MANAJEMEN PEMASARAN'),
('000408', '000008', 'MANAJEMEN PERKANTORAN'),
('000409', '000008', 'MANAJEMEN PERPAJAKAN'),
('000410', '000008', 'MANAJEMEN PERUSAHAAN'),
('000411', '000008', 'MATEMATIK'),
('000412', '000008', 'MATEMATIKA'),
('000413', '000008', 'METEOROLOGI DAN GEOFISIKA'),
('000414', '000008', 'OLAH RAGA'),
('000415', '000008', 'OTOMASI SISTEM INSTRUMENTASI'),
('000416', '000008', 'PEMASARAN'),
('000417', '000008', 'PEMBUATAN PERALATAN & PERKAKAS PRODUKSI'),
('000418', '000008', 'PENATA RONTGEN'),
('000419', '000008', 'PEND. KIMIA'),
('000420', '000008', 'PEND. SENI RUPA'),
('000421', '000008', 'PEND. SENI TARI'),
('000422', '000008', 'PENDIDIKAN'),
('000423', '000008', 'PENDIDIKAN AGAMA'),
('000424', '000008', 'PENDIDIKAN KESEJAHTERAAN SOSIAL'),
('000425', '000008', 'PENDIDIKAN LUAR SEKOLAH'),
('000426', '000008', 'PENDIDIKAN MORAL PANCASILA'),
('000427', '000008', 'PENDIDIKAN SOSIAL'),
('000428', '000008', 'PENERBITAN'),
('000429', '000008', 'PENGOLAH GULA'),
('000430', '000008', 'PENILIK KESEHATAN/HYGINE/GIZI'),
('000431', '000008', 'PENYIARAN'),
('000432', '000008', 'PERAWAT'),
('000433', '000008', 'PEREKAM DAN INFORMASI KESEHATAN'),
('000434', '000008', 'PERENCANAAN INTERIOR'),
('000435', '000008', 'PERHOTELAN'),
('000436', '000008', 'PERHUBUNGAN TRANSPORTASI'),
('000437', '000008', 'PERIKANAN'),
('000438', '000008', 'PERIKLANAN/ADVERTISING'),
('000439', '000008', 'PERKERETAAPIAN'),
('000440', '000008', 'PERPAJAKAN'),
('000441', '000008', 'PERPUSTAKAAN'),
('000442', '000008', 'PERTANAHAN'),
('000443', '000008', 'PERTANIAN LAINNYA'),
('000444', '000008', 'PERTANIAN UMUM'),
('000445', '000008', 'PERUMAHSAKITAN'),
('000446', '000008', 'PETERNAKAN'),
('000447', '000008', 'PLANOLOGI'),
('000448', '000008', 'POS DAN TELEKOMUNIKASI'),
('000449', '000008', 'PSIKOLOGI'),
('000450', '000008', 'PUBLIK RELATION'),
('000451', '000008', 'PUBLISTIK/PENERANGAN'),
('000452', '000008', 'RADIOLOGI'),
('000453', '000008', 'REFRAKSI OPTISI'),
('000454', '000008', 'REKAM MEDIS'),
('000455', '000008', 'SEJARAH'),
('000456', '000008', 'SEKRETARIS'),
('000457', '000008', 'SENI'),
('000458', '000008', 'SISTEM ANALIS KOMPUTER'),
('000459', '000008', 'SISTEM ENERGI'),
('000460', '000008', 'SOSIOLOGI'),
('000461', '000008', 'SOSPOL'),
('000462', '000008', 'T. RADIODIAGNOSTIK & RADIOTERAPI'),
('000463', '000008', 'TARBIYAH'),
('000464', '000008', 'TATA BOGA/TATA BUSANA'),
('000465', '000008', 'TATA LAKSANA PELAYARAN'),
('000466', '000008', 'TATA PEMERINTAHAN'),
('000467', '000008', 'TEKNIK DAN MANAJEMEN LINGKUNGAN'),
('000468', '000008', 'TEKNIK ELEKTRO'),
('000469', '000008', 'TEKNIK ELEKTROMEDIK'),
('000470', '000008', 'TEKNIK ELEKTRONIKA'),
('000471', '000008', 'TEKNIK GEODESI'),
('000472', '000008', 'TEKNIK GEODESI/GEOLOGI'),
('000473', '000008', 'TEKNIK GIGI'),
('000474', '000008', 'TEKNIK INDUSTRI'),
('000475', '000008', 'TEKNIK INFORMATIKA'),
('000476', '000008', 'TEKNIK KIMIA'),
('000477', '000008', 'TEKNIK KOMPUTER'),
('000478', '000008', 'TEKNIK KOMPUTER DAN JARINGAN'),
('000479', '000008', 'TEKNIK LABORATORIUM'),
('000480', '000008', 'TEKNIK LISTRIK'),
('000481', '000008', 'TEKNIK LOGAM'),
('000482', '000008', 'TEKNIK MESIN'),
('000483', '000008', 'TEKNIK NUKLIR'),
('000484', '000008', 'TEKNIK PERKAPALAN'),
('000485', '000008', 'TEKNIK PERTAMBANGAN DAN MINYAK'),
('000486', '000008', 'TEKNIK RADIODIAGNOSTIK'),
('000487', '000008', 'TEKNIK SIPIL'),
('000488', '000008', 'TEKNIK TELEKOMUNIKASI'),
('000489', '000008', 'TEKNOLOGI DAN ILMU MAKANAN'),
('000490', '000008', 'TEKNOLOGI GAS DAN MINYAK BUMI'),
('000491', '000008', 'TEKNOLOGI GRAFIKA'),
('000492', '000008', 'TEKNOLOGI INFORMASI'),
('000493', '000008', 'TEKNOLOGI KULIT'),
('000494', '000008', 'TEKNOLOGI LAINNYA'),
('000495', '000008', 'TEKNOLOGI TEKSTIL'),
('000496', '000008', 'TELEMATIKA'),
('000497', '000008', 'MANAJEMEN RELASI PUBLIK'),
('000498', '000008', 'BUDI DAYA TERNAK'),
('000499', '000008', 'MANAJEMEN LOGISTIK'),
('000500', '000008', 'MANAJEMEN SUMBERDAYA MANUSIA'),
('000501', '000008', 'OFFICE MANAJEMEN'),
('000502', '000008', 'KESEHATAN DAN KESELAMATAN KERJA'),
('000503', '000008', 'NAUTIKA'),
('000504', '000008', 'SYARIAH'),
('000505', '000008', 'TRANSPORTASI'),
('000506', '000008', 'TEKNOLOGI AKUAKULTUR'),
('000507', '000008', 'TEKNIK MEKANIK INDUSTRI'),
('000508', '000008', 'TEKNIK PERMINYAKAN'),
('000509', '000008', 'ANALIS KIMIA'),
('000510', '000008', 'STATISTIK'),
('000511', '000008', 'SASTRA INGGRIS'),
('000512', '000008', 'PGA'),
('000513', '000008', 'TEKNIK OTOMOTIF'),
('000514', '000008', 'PERMINYAKAN'),
('000515', '000008', 'KESEHATAN'),
('000516', '000008', 'TELEVISI'),
('000517', '000008', 'MANAJEMEN EKONOMI'),
('000518', '000008', 'TEKNOLOGI P & PMB MASY PERTANIAN'),
('000519', '000008', 'KOMUNIKASI MASA'),
('000520', '000008', 'MANAJEMEN TRANSPOTASI UDARA'),
('000521', '000008', 'KOMPUTER & SISTEM INFORMASI'),
('000522', '000009', 'TEKNIK ARSITEKTUR'),
('000523', '000009', 'ADM.FISKAL PERPAJAKAN'),
('000524', '000009', 'ADMINISTRASI'),
('000525', '000009', 'ADMINISTRASI BISNIS'),
('000526', '000009', 'ADMINISTRASI NEGARA'),
('000527', '000009', 'ADMINISTRASI PENDIDIKAN'),
('000528', '000009', 'ADMINISTRASI PERKANTORAN'),
('000529', '000009', 'ADMINISTRASI PUBLIK'),
('000530', '000009', 'ADMINITRASI PUBLIK'),
('000531', '000009', 'AGROBISNIS'),
('000532', '000009', 'AGRONOMI'),
('000533', '000009', 'AGROTEKNOLOGI'),
('000534', '000009', 'AHWAL AL SYAKHSHIYYAH'),
('000535', '000009', 'AKUNTANSI'),
('000536', '000009', 'AKUNTANSI PERPAJAKAN'),
('000537', '000009', 'AL-AHWAL AL SYALEH SIYAH'),
('000538', '000009', 'ANTROPOLOGI'),
('000539', '000009', 'APOTEKER'),
('000540', '000009', 'ARKEOLOGI'),
('000541', '000009', 'ARONOTIKA -AUIONICS'),
('000542', '000009', 'BAHASA BELANDA'),
('000543', '000009', 'BAHASA DAERAH'),
('000544', '000009', 'BAHASA DAN KEBUDAYAAN KOREA'),
('000545', '000009', 'BAHASA DAN SASTRA ARAB'),
('000546', '000009', 'BAHASA DAN SASTRA INDONESIA'),
('000547', '000009', 'BAHASA DAN SASTRA INGGRIS'),
('000548', '000009', 'BAHASA DAN SASTRA JEPANG'),
('000549', '000009', 'BAHASA INDONESIA'),
('000550', '000009', 'BAHASA INGGRIS'),
('000551', '000009', 'BAHASA JEPANG'),
('000552', '000009', 'BAHASA JERMAN'),
('000553', '000009', 'BAHASA PERANCIS'),
('000554', '000009', 'BAHASA RUSIA'),
('000555', '000009', 'BAHSA ARAB'),
('000556', '000009', 'BAHSA CINA'),
('000557', '000009', 'BANKING AND FINANCE'),
('000558', '000009', 'BIDAN PENDIDIK'),
('000559', '000009', 'BIMBINGAN DAN KONSELING'),
('000560', '000009', 'BIMBINGAN DAN PENYULUHAN ISLAM'),
('000561', '000009', 'BIOLOGI'),
('000562', '000009', 'BROADCASTING'),
('000563', '000009', 'BUDIDAYA PERAIRAN'),
('000564', '000009', 'BUDIDAYA PERTANIAN'),
('000565', '000009', 'DESAIN INTERIOR'),
('000566', '000009', 'DESAIN KOMUNIKASI VISUAL'),
('000567', '000009', 'DESAIN PRODUK'),
('000568', '000009', 'DIRASAT ISLAMIYAH'),
('000569', '000009', 'DOKTER ANESTESIOLOGI'),
('000570', '000009', 'DOKTER SPESIALIS ANAK'),
('000571', '000009', 'EKNIK GEODESI/GEOLOGI'),
('000572', '000009', 'EKONOMI'),
('000573', '000009', 'EKONOMI AKUNTANSI'),
('000574', '000009', 'EKONOMI BISNIS'),
('000575', '000009', 'EKONOMI DAN ADMINISTRASI'),
('000576', '000009', 'EKONOMI ISLAM'),
('000577', '000009', 'EKONOMI MANAJEMEN'),
('000578', '000009', 'EKONOMI PEMBANGUNAN'),
('000579', '000009', 'EKONOMI PERBANKAN ISLAM'),
('000580', '000009', 'EKONOMI PERTANAHAN'),
('000581', '000009', 'EKONOMI PERTANIAN'),
('000582', '000009', 'EKONOMI SUMBERDAYA DAN LINGKUNGAN'),
('000583', '000009', 'ELEKTRONIKA'),
('000584', '000009', 'FARMASI'),
('000585', '000009', 'FILSAFAT'),
('000586', '000009', 'FISIF'),
('000587', '000009', 'FISIKA'),
('000588', '000009', 'FISIKA TEKNIK'),
('000589', '000009', 'FOTOGRAFI'),
('000590', '000009', 'GEOGRAFI'),
('000591', '000009', 'GEOGRAFI DAN ILMU LINGKUNGAN'),
('000592', '000009', 'HASIL PERTANIAN'),
('000593', '000009', 'HORTIKULTURA'),
('000594', '000009', 'HUBUNGAN INTERNASIONAL'),
('000595', '000009', 'HUBUNGAN MASYARAKAT'),
('000596', '000009', 'HUKUM'),
('000597', '000009', 'HUKUM & KEWARGANEGARAAN'),
('000598', '000009', 'HUKUM BISNIS SYARIAH'),
('000599', '000009', 'HUKUM EKONOMI SYARIAH'),
('000600', '000009', 'HUKUM ISLAM'),
('000601', '000009', 'HUKUM KEPERDATAAN'),
('000602', '000009', 'HUKUM PIDANA'),
('000603', '000009', 'HUKUM TATA NEGARA'),
('000604', '000009', 'ILMU ADMINISTRASI NEGARA'),
('000605', '000009', 'ILMU ADMINISTRASI NIAGA'),
('000606', '000009', 'ILMU EKONOMI'),
('000607', '000009', 'ILMU EKONOMI DAN STUDI PEMBANGUNAN'),
('000608', '000009', 'ILMU GEOLOGI'),
('000609', '000009', 'ILMU GIZI'),
('000610', '000009', 'ILMU HUKUM'),
('000611', '000009', 'ILMU KEDOKTERAN'),
('000612', '000009', 'ILMU KELAUTAN'),
('000613', '000009', 'ILMU KELUARGA DAN KONSUMEN'),
('000614', '000009', 'ILMU KEOLAHRAGAAN'),
('000615', '000009', 'ILMU KESEJAHTERAAN KELUARGA'),
('000616', '000009', 'ILMU KOMPUTER'),
('000617', '000009', 'ILMU KOMUNIKASI'),
('000618', '000009', 'ILMU PASTI/ILMU ALAM LAINNYA'),
('000619', '000009', 'ILMU PEMERINTAHAN'),
('000620', '000009', 'ILMU PERPUSTAKAAN'),
('000621', '000009', 'ILMU PERTANAHAN'),
('000622', '000009', 'ILMU PETERNAKAN'),
('000623', '000009', 'ILMU POLITIK'),
('000624', '000009', 'ILMU TANAH DAN AIR'),
('000625', '000009', 'INDUSTRIAL ENGINEERING'),
('000626', '000009', 'IPS/BUDAYA LAINNYA'),
('000627', '000009', 'JURNALISTIK FIKOM'),
('000628', '000009', 'KEAGAMAAN DAN ILMU KETUHANAN (IAIN)'),
('000629', '000009', 'KEBIDANAN'),
('000630', '000009', 'KEDOKTERAN'),
('000631', '000009', 'KEDOKTERAN GIGI'),
('000632', '000009', 'KEDOKTERAN HEWAN'),
('000633', '000009', 'KEDOKTERAN UMUM'),
('000634', '000009', 'KEGURUAN'),
('000635', '000009', 'KEHUTANAN'),
('000636', '000009', 'KEPELATIHAN'),
('000637', '000009', 'KEPENDIDIKAN ISLAM'),
('000638', '000009', 'KEPERAWATAN'),
('000639', '000009', 'KEPERAWATAN , NS'),
('000640', '000009', 'KESEHATAN LAINNYA'),
('000641', '000009', 'KESEHATAN MASYARAKAT'),
('000642', '000009', 'KESEJAHTERAAN KELUARGA'),
('000643', '000009', 'KESEJAHTERAAN SOSIAL'),
('000644', '000009', 'KESMAS'),
('000645', '000009', 'KIMIA'),
('000646', '000009', 'KIMIA INDUSTRI'),
('000647', '000009', 'KIMIA MURNI'),
('000648', '000009', 'KOMPUTER'),
('000649', '000009', 'KOMUNIKASI'),
('000650', '000009', 'KOMUNIKASI DAN PENGEMBANGAN MASYARAKAT'),
('000651', '000009', 'KOMUNIKASI MASSA'),
('000652', '000009', 'KOMUNIKASI PENYIARAN'),
('000653', '000009', 'KOMUNIKASI PENYIARAN ISLAM'),
('000654', '000009', 'MANAJEMEN'),
('000655', '000009', 'MANAJEMEN DAKWAH'),
('000656', '000009', 'MANAJEMEN INDUSTRI'),
('000657', '000009', 'MANAJEMEN INFORMATIKA'),
('000658', '000009', 'MANAJEMEN KEUANGAN'),
('000659', '000009', 'MANAJEMEN KEUANGAN PERBANKAN'),
('000660', '000009', 'MANAJEMEN LOGISTIK'),
('000661', '000009', 'MANAJEMEN PAJAK'),
('000662', '000009', 'MANAJEMEN PARIWISATA'),
('000663', '000009', 'MANAJEMEN PEMASARAN'),
('000664', '000009', 'MANAJEMEN PEMBELAJARAN BAHASA IND'),
('000665', '000009', 'MANAJEMEN PEMBELAJARAN JASMANI'),
('000666', '000009', 'MANAJEMEN PENDIDIKAN'),
('000667', '000009', 'MANAJEMEN PERHOTELAN'),
('000668', '000009', 'MANAJEMEN PERUSAHAAN'),
('000669', '000009', 'MANAJEMEN SUMBER DAYA MANUSIA'),
('000670', '000009', 'MANAJEMEN SUMBERDAYA MANUSIA'),
('000671', '000009', 'MANAJEMEN TRANSFORTASI LAUT'),
('000672', '000009', 'MANAJEMEN TRANSPOR DARAT'),
('000673', '000009', 'MANAJEMEN TRANSPOR UDARA'),
('000674', '000009', 'MANAJEMEN TRANSPORT LAUT'),
('000675', '000009', 'MANAJEMEN TRANSPORTASI'),
('000676', '000009', 'MATEMATIKA'),
('000677', '000009', 'METEOROLOGI TERAPAN'),
('000678', '000009', 'METEROLOGI DAN GEOPISIKA'),
('000679', '000009', 'MIPA'),
('000680', '000009', 'MUAMALAH'),
('000681', '000009', 'MUAMALAT'),
('000682', '000009', 'NAUTIKA'),
('000683', '000009', 'PARIWISATA'),
('000684', '000009', 'PEMIKIRAN POLITIK ISLAM'),
('000685', '000009', 'PEND. ADMINISTRASI'),
('000686', '000009', 'PEND. ANTROPOLOGI'),
('000687', '000009', 'PEND. ARSITEKTUR'),
('000688', '000009', 'PEND. BAHASA ARAB'),
('000689', '000009', 'PEND. BAHASA BELANDA'),
('000690', '000009', 'PEND. BAHASA DAERAH'),
('000691', '000009', 'PEND. BAHASA DAN SASTRA INDONESIA'),
('000692', '000009', 'PEND. BAHASA DAN SENI'),
('000693', '000009', 'PEND. BAHASA INDONESIA'),
('000694', '000009', 'PEND. BAHASA INGGRIS'),
('000695', '000009', 'PEND. BAHASA JEPANG'),
('000696', '000009', 'PEND. BAHASA JERMAN'),
('000697', '000009', 'PEND. BAHASA PERANCIS'),
('000698', '000009', 'PEND. BIOLOGI'),
('000699', '000009', 'PEND. EKONOMI'),
('000700', '000009', 'PEND. FISIKA'),
('000701', '000009', 'PEND. MANAJEMEN BISNIS'),
('000702', '000009', 'PEND. HUKUM'),
('000703', '000009', 'PEND. ILMU KIMIA'),
('000704', '000009', 'PEND. JASMANI, KESEHATAN DAN REKREASI'),
('000705', '000009', 'PEND. KESEJAHTERAAN KELUARGA'),
('000706', '000009', 'PEND. KESENIAN'),
('000707', '000009', 'PEND. KURIKULUM'),
('000708', '000009', 'PEND. MANAGEMENT'),
('000709', '000009', 'PEND. MANAJEMEN PERKANTORAN'),
('000710', '000009', 'PEND. PANCASILA DAN KEWARGANEGARAAN'),
('000711', '000009', 'PEND. PEMBINAAN DAN PENYULUHAN'),
('000712', '000009', 'PEND. PERPUSTAKAAN'),
('000713', '000009', 'PEND. PSIKOLOGI'),
('000714', '000009', 'PEND. SEJARAH'),
('000715', '000009', 'PEND. SOSIAL'),
('000716', '000009', 'PEND. TATA BOGA'),
('000717', '000009', 'PEND. TATA GRAHA'),
('000718', '000009', 'PEND. TATA NIAGA'),
('000719', '000009', 'PEND. TEKNIK ELEKTRO'),
('000720', '000009', 'PEND. TEKNIK INDUSTRI'),
('000721', '000009', 'PEND. TEKNIK LISTRIK'),
('000722', '000009', 'PEND. TEKNIK MESIN'),
('000723', '000009', 'PEND. TEKNIK SIPIL'),
('000724', '000009', 'PEND. ADMINISTRASI PERKANTORAN'),
('000725', '000009', 'PEND. AGAMA KRISTEN'),
('000726', '000009', 'PEND. AKUNTANSI'),
('000727', '000009', 'PEND. ANAK USIA DINI'),
('000728', '000009', 'PEND. BAHASA,SASTRA INDONESIA DAN DAERAH'),
('000729', '000009', 'PEND. GURU SEKOLAH DASAR'),
('000730', '000009', 'PEND. ILMU PENGETAHUAN SOSIAL'),
('000731', '000009', 'PEND. SASTRA BAHASA ARAB'),
('000732', '000009', 'PEND. SASTRA INDONESIA'),
('000733', '000009', 'PEND. TEKNIK BANGUNAN'),
('000734', '000009', 'PENDIDIKAN'),
('000735', '000009', 'PENDIDIKAN AGAMA ISLAM'),
('000736', '000009', 'PENDIDIKAN BAHASA DAN SASTRA INGGRIS'),
('000737', '000009', 'PENDIDIKAN BAHASA INGGRIS'),
('000738', '000009', 'PENDIDIKAN EKONOMI'),
('000739', '000009', 'PENDIDIKAN EKONOMI AKUNTANSI'),
('000740', '000009', 'PENDIDIKAN EKONOMI KOPERASI'),
('000741', '000009', 'PENDIDIKAN FISIKA'),
('000742', '000009', 'PENDIDIKAN IPS'),
('000743', '000009', 'PENDIDIKAN JASMANI'),
('000744', '000009', 'PENDIDIKAN JASMANI DAN KESEHATAN'),
('000745', '000009', 'PENDIDIKAN KEWARGANEGARAAN'),
('000746', '000009', 'PENDIDIKAN KIMIA'),
('000747', '000009', 'PENDIDIKAN LUAR BIASA'),
('000748', '000009', 'PENDIDIKAN LUAR SEKOLAH'),
('000749', '000009', 'PENDIDIKAN MATEMATIKA'),
('000750', '000009', 'PENDIDIKAN MATEMATIKA DAN IPA'),
('000751', '000009', 'PENDIDIKAN OLAHRAGA'),
('000752', '000009', 'PENDIDIKAN SENI MUSIK'),
('000753', '000009', 'PENDIDIKAN SENI TARI'),
('000754', '000009', 'PENDIDIKAN SOSIOLOGI'),
('000755', '000009', 'PENDIDIKAN TEKNIK BUSANA'),
('000756', '000009', 'PENDIDIKAN UMUM'),
('000757', '000009', 'PENGOLAH GULA'),
('000758', '000009', 'PENYIARAN DA\'WAH'),
('000759', '000009', 'PERADILAN AGAMA'),
('000760', '000009', 'PERBANDINGAN AGAMA'),
('000761', '000009', 'PERBANDINGAN MAZHAB & HUKUM'),
('000762', '000009', 'PERDATA PIDANA ISLAM'),
('000763', '000009', 'PERIKANAN'),
('000764', '000009', 'PERPUSTAKAAN'),
('000765', '000009', 'PERTANIAN'),
('000766', '000009', 'PERTANIAN LAINNYA'),
('000767', '000009', 'PERTANIAN UMUM'),
('000768', '000009', 'PERTERNAKAN'),
('000769', '000009', 'PETERNAKAN'),
('000770', '000009', 'PGMI'),
('000771', '000009', 'PGSD'),
('000772', '000009', 'PLANOLOGI'),
('000773', '000009', 'PPKN'),
('000774', '000009', 'PRODUKSI TERNAK'),
('000775', '000009', 'PROFESI NERS'),
('000776', '000009', 'PSIKOLOGI'),
('000777', '000009', 'PSIKOLOGI ISLAM'),
('000778', '000009', 'PUBLISTIK'),
('000779', '000009', 'SAINS'),
('000780', '000009', 'SAINS TERAPAN'),
('000781', '000009', 'SASTRA ARAB'),
('000782', '000009', 'SASTRA CINA'),
('000783', '000009', 'SASTRA INDONESIA'),
('000784', '000009', 'SASTRA INGGRIS'),
('000785', '000009', 'SASTRA PERANCIS'),
('000786', '000009', 'SASTRA RUSIA'),
('000787', '000009', 'SEJARAH'),
('000788', '000009', 'SEJARAH DAN PERADABAN ISLAM'),
('000789', '000009', 'SEKRETARIS'),
('000790', '000009', 'SENI KARAWITAN'),
('000791', '000009', 'SENI KRIYA'),
('000792', '000009', 'SENI RUPA'),
('000793', '000009', 'SISTEM INFORMASI'),
('000794', '000009', 'SISTEM INFORMATIKA'),
('000795', '000009', 'SISTEM KOMPUTER'),
('000796', '000009', 'SIYASAH SYAR`IYYAH'),
('000797', '000009', 'SOMATOKINETIKA'),
('000798', '000009', 'SOSIAL EKONOMI PERTANIAN'),
('000799', '000009', 'SOSIAL EKONOMI PETERNAKAN'),
('000800', '000009', 'SOSIAL ISLAM'),
('000801', '000009', 'SOSIAL POLITIK'),
('000802', '000009', 'SOSIOKINETIKA'),
('000803', '000009', 'SOSIOLOGI'),
('000804', '000009', 'SOSIOLOGI AGAMA'),
('000805', '000009', 'SOSIOLOGI DAN ANTROPOLOGI'),
('000806', '000009', 'STATISTIK'),
('000807', '000009', 'STUDI GIZI'),
('000808', '000009', 'SYARI\'AH'),
('000809', '000009', 'T. MANAJEMEN SUMBERDAYA PERAIRAN'),
('000810', '000009', 'TAFSIR HADIST'),
('001039', '000004', 'SMK-TATA BOGA'),
('000812', '000009', 'TARBIYAH'),
('000813', '000009', 'TASAWUF PSIKOTERAPI'),
('000814', '000009', 'TEK.PENGELOLAAN SUMBERDAYA PERAIRAN'),
('000815', '000009', 'TEKNIK ARSITEKTUR DAN PERENCANAAN'),
('000816', '000009', 'TEKNIK DAN MANAJEMEN INDUSTRI'),
('000817', '000009', 'TEKNIK ELEKTRO'),
('000818', '000009', 'TEKNIK ELEKTRO TELEKOMUNIKASI'),
('000819', '000009', 'TEKNIK GEODESI'),
('000820', '000009', 'TEKNIK GEOLOGI'),
('000821', '000009', 'TEKNIK GRAFIKA'),
('000822', '000009', 'TEKNIK INDUSTRI'),
('000823', '000009', 'TEKNIK INFORMATIKA'),
('000824', '000009', 'TEKNIK KELAUTAN'),
('000825', '000009', 'TEKNIK KIMIA'),
('000826', '000009', 'TEKNIK LINGKUNGAN'),
('000827', '000009', 'TEKNIK LISTRIK'),
('000828', '000009', 'TEKNIK LOGAM'),
('000829', '000009', 'TEKNIK MESIN'),
('000830', '000009', 'TEKNIK METALORGI'),
('000831', '000009', 'TEKNIK NUKLIR'),
('000832', '000009', 'TEKNIK PENERBANGAN'),
('000833', '000009', 'TEKNIK PERENCANAAN WILAYAH DAN KOTA'),
('000834', '000009', 'TEKNIK PERKAPALAN'),
('000835', '000009', 'TEKNIK PERTAMBANGAN DAN MINYAK'),
('000836', '000009', 'TEKNIK PERTANIAN'),
('000837', '000009', 'TEKNIK RADIOLOGI'),
('000838', '000009', 'TEKNIK SIPIL'),
('000839', '000009', 'TEKNIK SIPIL DAN LINGKUNGAN'),
('000840', '000009', 'TEKNOLOGI DAN ILMU MAKANAN'),
('000841', '000009', 'TEKNOLOGI DAN MANAJEMEN BUDIDAYA PERIKANAN'),
('000842', '000009', 'TEKNOLOGI GAS DAN MINYAK BUMI'),
('000843', '000009', 'TEKNOLOGI HASIL HUTAN'),
('000844', '000009', 'TEKNOLOGI HASIL PERAIRAN'),
('000845', '000009', 'TEKNOLOGI INDUSTRI PERTANIAN'),
('000846', '000009', 'TEKNOLOGI KULIT'),
('000847', '000009', 'TEKNOLOGI LAINNYA'),
('000848', '000009', 'TEKNOLOGI PANGAN'),
('000849', '000009', 'TEKNOLOGI PANGAN DAN GIZI'),
('000850', '000009', 'TEKNOLOGI PENDIDIKAN'),
('000851', '000009', 'TEKNOLOGI TEKSTIL'),
('000852', '000009', 'TELEKOMUNIKASI'),
('000853', '000009', 'TEOLOGI KEPENDETAAN'),
('000854', '000009', 'TEOLOGIA'),
('000855', '000009', 'USHULUDDIN'),
('000856', '000009', 'SASTRA JEPANG'),
('000857', '000009', 'ADMINISTRASI KEBIJAKAN & KESEHATAN'),
('000858', '000009', 'TEKNIK KOMPUTER'),
('000859', '000009', 'MANAJEMEN LOGISTIK'),
('000860', '000009', 'KARAWITAN'),
('000861', '000009', 'PEND. ZOOLOGI'),
('000862', '000009', 'PEND. FILSAFAT SOSIOLOGI'),
('000863', '000009', 'PENDIDIKAN TATA BUSANA'),
('000864', '000009', 'ILMU NUTRISI DAN MAKANAN TERNAK'),
('000865', '000009', 'PENDIDIKAN IPA'),
('000866', '000009', 'PERENCANAAN PENGEMBANGAN'),
('000867', '000009', 'MANAJEMEN PEMJASKES & REKREASI'),
('000868', '000009', 'MANAJEMEN PEND. ISLAM'),
('000869', '000009', 'KESEHATAN LINGKUNGAN PEMINATAN K3'),
('000870', '000009', 'EKONOMI KOPERASI'),
('000871', '000009', 'PEND. AGAMA ISLAM'),
('001040', '000009', 'PRODUKSI PANGAN'),
('000873', '000009', 'PEND. OLAH RAGA'),
('000874', '000009', 'PEND. GEOGRAFI'),
('000875', '000009', 'ILMU ADM NEGARA'),
('000877', '000009', 'PEND. MORAL PANCASILA'),
('000878', '000009', 'TAFSIR HADITS'),
('000879', '000009', 'PERBANKAN SYARIAH'),
('000880', '000009', 'PEND. PENJASKES & REK'),
('000881', '000009', 'PEND. SOSIOLOGI - ANTROPOLOGI'),
('000882', '000009', 'MANAJEMEN HUTAN'),
('000883', '000009', 'MANAJEMEN SUMBERDAYA PERIKANAN'),
('001041', '000007', 'BISNIS MANAJEMEN'),
('000885', '000009', 'TATA BUSANA'),
('000886', '000009', 'PEND. PANCASILA & KEWARGANEGARAAN'),
('000887', '000009', 'TAFSIR'),
('000888', '000009', 'TEKNOLOGI PENGELOLAAN SUMBERDAYA PERAIRAN'),
('000889', '000009', 'MANAJEMEN EKONOMI'),
('000890', '000009', 'SEJARAH INDONESIA'),
('000891', '000009', 'SEJARAH & KEBUDAYAAN ISLAM'),
('000892', '000009', 'AL-AHWAL AL-SYAKHSIYAH'),
('000893', '000009', 'ILMU & INDUSTRI PETERNAKAN'),
('000894', '000009', 'PENGEMBANGAN MASYARAKAT ISLAM'),
('000895', '000009', 'PAUD'),
('000896', '000009', 'ILMU PENDIDIKAN'),
('000897', '000009', 'PENDIDIKAN ISLAM MANAJEMEN'),
('000898', '000009', 'ILMU KOMUNIKASI HUMAS'),
('000899', '000009', 'DOKTER UMUM'),
('000900', '000009', 'SENI TARI'),
('000901', '000009', 'HUKUM PIDANA ISLAM'),
('000902', '000009', 'PERENCANAAN WILAYAH DAN KOTA'),
('000903', '000009', 'TADRIS MATEMATIKA'),
('000904', '000009', 'MANAJEMEN PENDIDIKAN ISLAM'),
('000905', '000009', 'SISTEM INFORMASI'),
('000906', '000009', 'TEKNIK ELEKTRO'),
('000907', '000009', 'PERPAJAKAN/ADM FISKAL'),
('000908', '000009', 'HAMA & PENYAKIT TANAMAN'),
('000909', '000009', 'HUKUM KETATANEGARAAN & POLITIK ISLAM'),
('000910', '000009', 'BIO KIMIA'),
('000911', '000009', 'ILMU ADMINISTRASI'),
('000912', '000009', 'SENI MUSIK'),
('000913', '000009', 'HUKUM PERDATA'),
('000914', '000009', 'PEND. BIMBINGAN DAN KONSELING'),
('000915', '000009', 'PENDIDIKAN DOKTER'),
('000916', '000009', 'PENDIDIKAN AGAMA KATHOLIK'),
('000917', '000009', 'DAKWAH'),
('000918', '000009', 'KEUANGAN ISLAM'),
('000919', '000009', 'DOKTER GIGI'),
('000920', '000009', 'ILMU KESEJAHTERAAN SOSIAL'),
('000921', '000009', 'GIZI'),
('000922', '000009', 'SASTRA INDONESIA DAN DAERAH'),
('000923', '000009', 'MANAJEMEN PEMBELAJARAN GURU MI'),
('000924', '000009', 'MANAJEMEN PEMBELAJARAN IPS'),
('000925', '000009', 'PENDIDIKAN SOSIOLOGI DAN FILSAFAT'),
('000926', '000010', 'ADMINISTRASI'),
('000927', '000010', 'ADMINISTRASI PENDIDIKAN'),
('000928', '000010', 'AKUNTANSI'),
('000929', '000010', 'ANTROPOLOGI'),
('000930', '000010', 'ARKEOLOGI'),
('000931', '000010', 'ARSITEKTUR'),
('000932', '000010', 'BAHASA ARAB'),
('000933', '000010', 'BAHASA BELANDA'),
('001042', '000005', 'PAKET C-IPS'),
('000935', '000010', 'BAHASA INDONESIA'),
('000936', '000010', 'BAHASA INGGRIS'),
('000937', '000010', 'BAHASA JEPANG'),
('000938', '000010', 'BAHASA JERMAN'),
('000939', '000010', 'BAHASA PERANCIS'),
('000940', '000010', 'BAHASA RUSIA'),
('001043', '000004', 'BROADCASTING'),
('000943', '000010', 'BIOLOGI'),
('000944', '000010', 'DOKTER SPESIALIS ANAK'),
('000945', '000010', 'EKNIK GEODESI/GEOLOGI'),
('000946', '000010', 'EKONOMI'),
('000947', '000010', 'EKONOMI PERTANAHAN'),
('000948', '000010', 'EKONOMI PERTANIAN'),
('000949', '000010', 'FALSAFAH AGAMA'),
('000950', '000010', 'FARMASI'),
('000951', '000010', 'FILSAFAT'),
('000952', '000010', 'FISIKA'),
('000953', '000010', 'FISIKA TEKNIK'),
('000954', '000010', 'GEOGRAFI'),
('000955', '000010', 'HASIL PERTANIAN'),
('000956', '000010', 'HORTIKULTURA'),
('000957', '000010', 'HUKUM'),
('000958', '000010', 'ILMU GEOLOGI'),
('000959', '000010', 'ILMU HUKUM'),
('000960', '000010', 'ILMU KIMIA'),
('000961', '000010', 'ILMU KOMUNIKASI'),
('000962', '000010', 'ILMU PASTI/ILMU ALAM LAINNYA'),
('000963', '000010', 'ILMU PEREN.PEMBANGUNAN DAN PEDESAAN'),
('000964', '000010', 'ILMU POLITIK'),
('000965', '000010', 'ILMU TANAH DAN AIR'),
('000966', '000010', 'IPS/BUDAYA LAINNYA'),
('000967', '000010', 'KEAGAMAAN DAN ILMU KETUHANAN (IAIN)'),
('000968', '000010', 'KEDOKTERAN GIGI'),
('000969', '000010', 'KEDOKTERAN HEWAN'),
('000970', '000010', 'KEDOKTERAN UMUM'),
('000971', '000010', 'KEHUTANAN'),
('000972', '000010', 'KENOTARIATAN'),
('000973', '000010', 'KESEHATAN LAINNYA'),
('000974', '000010', 'KESEJAHTERAAN KELUARGA'),
('000975', '000010', 'KESENIAN'),
('000976', '000010', 'KIMIA'),
('000977', '000010', 'KOMPUTER'),
('000978', '000010', 'KOMUNIKASI MASSA'),
('000979', '000010', 'KURIKULUM'),
('000980', '000010', 'MAGISTER MANAJEMENT'),
('000981', '000010', 'MANAJEMEN'),
('000982', '000010', 'MANAJEMEN KEUANGAN'),
('000983', '000010', 'MANAJEMEN PENDIDIKAN'),
('000984', '000010', 'MANAJEMEN RUMAH SAKIT'),
('000985', '000010', 'MANAJEMEN SUMBER DAYA MANUSIA'),
('000986', '000010', 'MATEMATIKA'),
('000987', '000010', 'METEROLOGI DAN GEOPISIKA'),
('000988', '000010', 'MIPA'),
('000989', '000010', 'OLAH RAGA'),
('000990', '000010', 'PEMBINAAN DAN PENYULUHAN'),
('000991', '000010', 'PENDIDIKAN MORAL PANCASILA'),
('000992', '000010', 'PENDIDIKAN UMUM'),
('000993', '000010', 'PENGOLAH GULA'),
('000994', '000010', 'PENYAKIT KULIT & KELAMIN'),
('000995', '000010', 'PERIKANAN'),
('000996', '000010', 'PERPUSTAKAAN'),
('000997', '000010', 'PERTANIAN LAINNYA'),
('000998', '000010', 'PERTANIAN UMUM'),
('000999', '000010', 'PERTERNAKAN'),
('001000', '000010', 'PINDIDIKAN SOSIAL'),
('001001', '000010', 'POLITIK ISLAM'),
('001002', '000010', 'PSIKOLOGI'),
('001003', '000010', 'PUBLISTIK'),
('001004', '000010', 'SEJARAH'),
('001044', '000009', 'TEKNIK SISTEM PERKAPALAN'),
('001006', '000010', 'SOSIOLOGI'),
('001007', '000010', 'STATISTIK'),
('001009', '000010', 'TATA BOGA'),
('001010', '000010', 'TATA GRAHA'),
('001011', '000010', 'TEKNIK GRAFIKA'),
('001012', '000010', 'TEKNIK INDUSTRI'),
('001013', '000010', 'TEKNIK KIMIA'),
('001014', '000010', 'TEKNIK LISTRIK'),
('001015', '000010', 'TEKNIK LOGAM'),
('001016', '000010', 'TEKNIK MESIN'),
('001017', '000010', 'TEKNIK NUKLIR'),
('001018', '000010', 'TEKNIK PERTAMBANGAN DAN MINYAK'),
('001019', '000010', 'TEKNIK SIPIL'),
('001020', '000010', 'TEKNOLOGI DAN ILMU MAKANAN'),
('001021', '000010', 'TEKNOLOGI GAS DAN MINYAK BUMI'),
('001022', '000010', 'TEKNOLOGI INFORMASI'),
('001023', '000010', 'TEKNOLOGI KULIT'),
('001024', '000010', 'TEKNOLOGI LAINNYA'),
('001025', '000010', 'TEKNOLOGI PANGAN'),
('001026', '000010', 'TEKNOLOGI TEKSTIL'),
('001027', '000010', 'PENDIDIKAN ISLAM'),
('001028', '000010', 'STUDI AL QUR`AN'),
('001029', '000010', 'ILMU PETERNAKAN'),
('001030', '000010', 'PENDIDIKAN AGAMA ISLAM'),
('001031', '000010', 'HUKUM PERDATA ISLAM'),
('001038', '000011', 'PEND. AGAMA ISLAM'),
('001032', '000011', 'PENDIDIKAN'),
('001033', '000011', 'PENDIDIKAN BAHASA INGGRIS'),
('001034', '000011', 'PENDIDIKAN BAHASA JEPANG'),
('001035', '000011', 'PGSD'),
('001036', '000011', 'PEND. JASMANI,KESEHATAN,DAN REKREASI'),
('001037', '000011', 'PEND. BAHASA DAN SASTRA INDONESIA'),
('001008', '000001', 'Lainnya'),
('001045', '000002', 'Lainnya'),
('001046', '000003', 'Lainnya'),
('001047', '000009', 'EKONOMI SYARIAH'),
('001048', '000008', 'DESAIN GRAFIS'),
('001049', '000008', 'TEKNIK GRAFIKA '),
('001050', '000010', 'KESEJAHTERAAN SOSIAL'),
('001051', '000009', 'KESELAMATAN DAN KESEHATAN KERJA'),
('001052', '000009', 'PEND. TEKNIK ELEKTRONIKA'),
('001053', '000008', 'Manajemen Informasi dan Dokumen');

-- --------------------------------------------------------

--
-- Table structure for table `mskabupaten`
--

CREATE TABLE `mskabupaten` (
  `IDKabupaten` char(6) NOT NULL,
  `NamaKabupaten` varchar(50) NOT NULL
) ENGINE=MyISAM DEFAULT CHARSET=latin1;

--
-- Dumping data for table `mskabupaten`
--

INSERT INTO `mskabupaten` (`IDKabupaten`, `NamaKabupaten`) VALUES
('000003', 'Depok');

-- --------------------------------------------------------

--
-- Table structure for table `mskeahlian`
--

CREATE TABLE `mskeahlian` (
  `IDKeahlian` char(6) NOT NULL,
  `IDJenisLowongan` char(6) NOT NULL,
  `NamaKeahlian` varchar(45) NOT NULL
) ENGINE=MyISAM DEFAULT CHARSET=latin1;

--
-- Dumping data for table `mskeahlian`
--

INSERT INTO `mskeahlian` (`IDKeahlian`, `IDJenisLowongan`, `NamaKeahlian`) VALUES
('000001', '000001', 'ANALISIS DATA'),
('000002', '000001', 'Database Administrator'),
('000003', '000001', 'Helpdesk'),
('000004', '000001', 'IT Dekstop Programmer ( IDP )'),
('000005', '000001', 'IT Programmer'),
('000006', '000001', 'IT Technical Support'),
('000007', '000001', 'Programmer PHP'),
('000008', '000001', 'Senior IT'),
('000009', '000001', 'Staff IT'),
('000010', '000001', 'System Analist'),
('000011', '000001', 'Web Designer'),
('000012', '000001', 'Yunior IT'),
('000013', '000002', 'Auditor'),
('000014', '000002', 'Cashier'),
('000015', '000002', 'Funding Officer'),
('000016', '000002', 'INTERNAL AUDIT'),
('000017', '000002', 'Internal Audit'),
('000018', '000002', 'JUNIOR ACCOUNTING STAFF'),
('000019', '000002', 'PROSHOP'),
('000020', '000002', 'SENIOR ACCOUNTING'),
('000021', '000002', 'STAFF ACCOUNT RECEIVEABLE'),
('000022', '000002', 'Staff Accounting'),
('000023', '000002', 'STAFF DATA ANALYST'),
('000024', '000002', 'Staff Finance'),
('000025', '000002', 'STAFF FRONT END AUDIT'),
('000026', '000002', 'Tax Staff'),
('000027', '000002', 'Teller'),
('000028', '000036', 'Distribusi Center'),
('999999', '999999', 'Lainnya'),
('100000', '000004', 'Administrasi HR'),
('100001', '000001', 'Android Developer'),
('100002', '000003', 'Sales dan Marketing'),
('100003', '000032', 'Apoteker'),
('100004', '000032', 'Rehab Medik'),
('100005', '000032', 'Perawat');

-- --------------------------------------------------------

--
-- Table structure for table `mskecamatan`
--

CREATE TABLE `mskecamatan` (
  `IDKecamatan` char(6) NOT NULL,
  `IDKabupaten` char(6) NOT NULL,
  `NamaKecamatan` varchar(45) DEFAULT NULL
) ENGINE=MyISAM DEFAULT CHARSET=latin1;

--
-- Dumping data for table `mskecamatan`
--

INSERT INTO `mskecamatan` (`IDKecamatan`, `IDKabupaten`, `NamaKecamatan`) VALUES
('000011', '', 'TAPOS'),
('000006', '', 'SUKMAJAYA'),
('000004', '', 'SAWANGAN'),
('000002', '', 'PANCORAN MAS'),
('000001', '', 'LUAR KOTA'),
('000005', '', 'LIMO'),
('000008', '', 'CIPAYUNG'),
('000010', '', 'CINERE'),
('000003', '', 'CIMANGGIS'),
('000009', '', 'CILODONG'),
('000012', '', 'BOJONGSARI'),
('000007', '', 'BEJI');

-- --------------------------------------------------------

--
-- Table structure for table `mskelurahan`
--

CREATE TABLE `mskelurahan` (
  `IDKelurahan` char(6) NOT NULL,
  `IDKecamatan` char(6) NOT NULL,
  `NamaKelurahan` varchar(45) NOT NULL
) ENGINE=MyISAM DEFAULT CHARSET=latin1;

--
-- Dumping data for table `mskelurahan`
--

INSERT INTO `mskelurahan` (`IDKelurahan`, `IDKecamatan`, `NamaKelurahan`) VALUES
('000064', '000012', 'DUREN SERIBU'),
('000063', '000012', 'DUREN MEKAR'),
('000062', '000012', 'CURUG'),
('000061', '000012', 'PONDOK PETIR'),
('000060', '000012', 'SERUA'),
('000059', '000012', 'BOJONG SARI BARU'),
('000058', '000012', 'BOJONG SARI'),
('000057', '000011', 'CIMPAEUN'),
('000056', '000011', 'CILANGKAP'),
('000055', '000011', 'JATIJAJAR'),
('000054', '000011', 'SUKAMAJU BARU'),
('000053', '000011', 'SUKATANI'),
('000052', '000011', 'LEUWINANGGUNG'),
('000051', '000011', 'TAPOS'),
('000050', '000010', 'PANGKALAN JATI BARU'),
('000049', '000010', 'PANGKALAN JATI'),
('000048', '000010', 'GANDUL'),
('000047', '000010', 'CINERE'),
('000046', '000009', 'JATIMULYA'),
('000045', '000009', 'KALIMULYA'),
('000044', '000009', 'KALIBARU'),
('000043', '000009', 'CILODONG'),
('000042', '000009', 'SUKAMAJU'),
('000041', '000008', 'PONDOK JAYA'),
('000040', '000008', 'BOJONG PONDOK TERONG'),
('000039', '000008', 'RATU JAYA'),
('000038', '000008', 'CIPAYUNG JAYA'),
('000037', '000008', 'CIPAYUNG'),
('000036', '000007', 'BEJI TIMUR'),
('000035', '000007', 'PONDOK CINA'),
('000034', '000007', 'KEMIRI MUKA'),
('000033', '000007', 'TANAH BARU'),
('000032', '000007', 'KUKUSAN'),
('000031', '000007', 'BEJI'),
('000030', '000006', 'TIRTA JAYA'),
('000029', '000006', 'CISALAK'),
('000028', '000006', 'BAKTIJAYA'),
('000027', '000006', 'MEKARJAYA'),
('000026', '000006', 'ABADIJAYA'),
('000025', '000006', 'SUKMAJAYA'),
('000024', '000005', 'LIMO'),
('000023', '000005', 'KRUKUT'),
('000022', '000005', 'GROGOL'),
('000021', '000005', 'MERUYUNG'),
('000020', '000004', 'KEDAUNG'),
('000019', '000004', 'SAWANGAN BARU'),
('000018', '000004', 'SAWANGAN'),
('000017', '000004', 'CINANGKA'),
('000016', '000004', 'PENGASINAN'),
('000015', '000004', 'BEDAHAN'),
('000014', '000004', 'PASIR PUTIH'),
('000013', '000003', 'CISALAK PASAR'),
('000012', '000003', 'PASIR GUNUNG SELATAN'),
('000011', '000003', 'MEKARSARI'),
('000010', '000003', 'TUGU'),
('000009', '000003', 'CURUG'),
('000008', '000003', 'HARJA MUKTI'),
('000007', '000002', 'RANGKAPAN JAYA'),
('000006', '000002', 'RANGKAPAN JAYA BARU'),
('000005', '000002', 'MAMPANG'),
('000004', '000002', 'PANCORAN MAS'),
('000003', '000002', 'DEPOK JAYA'),
('000002', '000002', 'DEPOK'),
('000001', '000001', 'LUAR KOTA');

-- --------------------------------------------------------

--
-- Table structure for table `mslowongan`
--

CREATE TABLE `mslowongan` (
  `IDLowongan` char(6) NOT NULL,
  `IDPerusahaan` char(6) NOT NULL,
  `IDPosisiJabatan` char(6) NOT NULL,
  `IDKeahlian` char(6) NOT NULL,
  `IDStatusPendidikan` char(6) NOT NULL,
  `IDJenisPengupahan` char(6) NOT NULL,
  `IDStatusHubunganKerja` char(6) NOT NULL,
  `TglBerlaku` date NOT NULL,
  `TglBerakhir` date NOT NULL,
  `NamaLowongan` varchar(45) NOT NULL,
  `UraianPekerjaan` varchar(45) NOT NULL,
  `UraianTugas` varchar(45) NOT NULL,
  `Penempatan` varchar(45) NOT NULL,
  `BatasUmur` tinyint(4) NOT NULL,
  `JmlPria` decimal(18,0) NOT NULL,
  `JmlWanita` decimal(18,0) NOT NULL,
  `Jurusan` varchar(45) NOT NULL,
  `Pengalaman` text NOT NULL,
  `SyaratKhusus` text NOT NULL,
  `GajiPerbulan` decimal(18,0) NOT NULL,
  `JamKerjaSeminggu` decimal(18,0) NOT NULL,
  `RegisterDate` datetime NOT NULL
) ENGINE=MyISAM DEFAULT CHARSET=latin1;

-- --------------------------------------------------------

--
-- Table structure for table `mspencaker`
--

CREATE TABLE `mspencaker` (
  `IDPencaker` char(6) NOT NULL,
  `IDUser` char(6) NOT NULL,
  `IDKelurahan` char(6) NOT NULL,
  `IDAgama` char(6) NOT NULL,
  `IDStatusPernikahan` char(6) NOT NULL,
  `IDStatusPendidikan` char(6) NOT NULL,
  `IDPosisiJabatan` char(6) NOT NULL,
  `NomorIndukPencaker` varchar(50) NOT NULL,
  `NamaPencaker` varchar(50) NOT NULL,
  `TempatLahir` varchar(50) NOT NULL,
  `TglLahir` date NOT NULL,
  `JenisKelamin` tinyint(1) NOT NULL,
  `Email` varchar(50) NOT NULL,
  `Telepon` varchar(50) NOT NULL,
  `Alamat` text NOT NULL,
  `KodePos` varchar(50) NOT NULL,
  `Kewarganegaraan` tinyint(1) NOT NULL,
  `Jurusan` varchar(50) NOT NULL,
  `Keterampilan` varchar(50) NOT NULL,
  `NEMIPK` tinyint(1) NOT NULL,
  `Nilai` varchar(50) NOT NULL,
  `TahunLulus` varchar(4) NOT NULL,
  `TinggiBadan` varchar(50) NOT NULL,
  `BeratBadan` varchar(50) NOT NULL,
  `Keterangan` text NOT NULL,
  `Lokasi` tinyint(1) NOT NULL,
  `UpahYangDicari` varchar(50) NOT NULL,
  `ExpiredDate` date NOT NULL,
  `RegisterDate` datetime NOT NULL,
  `NomerPenduduk` varchar(50) NOT NULL,
  `Foto` varchar(255) DEFAULT NULL
) ENGINE=MyISAM DEFAULT CHARSET=latin1;

-- --------------------------------------------------------

--
-- Table structure for table `mspencakertemp`
--

CREATE TABLE `mspencakertemp` (
  `IDPencakerTemp` char(6) NOT NULL,
  `Username` varchar(20) NOT NULL,
  `Password` varchar(20) NOT NULL,
  `IDKelurahan` char(6) NOT NULL,
  `IDAgama` char(6) NOT NULL,
  `IDStatusPernikahan` char(6) NOT NULL,
  `IDStatusPendidikan` char(6) NOT NULL,
  `IDPosisiJabatan` char(6) NOT NULL,
  `NomorIndukPencaker` varchar(50) NOT NULL,
  `NamaPencaker` varchar(50) NOT NULL,
  `TempatLahir` varchar(50) NOT NULL,
  `TglLahir` date NOT NULL,
  `JenisKelamin` tinyint(1) NOT NULL,
  `Email` varchar(50) NOT NULL,
  `Telepon` varchar(50) NOT NULL,
  `Alamat` text NOT NULL,
  `KodePos` varchar(50) NOT NULL,
  `Kewarganegaraan` tinyint(1) NOT NULL,
  `Jurusan` varchar(50) NOT NULL,
  `Keterampilan` varchar(50) NOT NULL,
  `NEMIPK` tinyint(1) NOT NULL,
  `Nilai` varchar(50) NOT NULL,
  `TahunLulus` varchar(4) NOT NULL,
  `TinggiBadan` varchar(50) NOT NULL,
  `BeratBadan` varchar(50) NOT NULL,
  `Keterangan` text NOT NULL,
  `Lokasi` tinyint(1) NOT NULL,
  `UpahYangDicari` varchar(50) NOT NULL,
  `RegisterDate` datetime NOT NULL,
  `NomerPenduduk` varchar(50) NOT NULL
) ENGINE=MyISAM DEFAULT CHARSET=latin1;

-- --------------------------------------------------------

--
-- Table structure for table `mspengalaman`
--

CREATE TABLE `mspengalaman` (
  `IDPengalaman` char(6) NOT NULL,
  `IDPencaker` char(45) DEFAULT NULL,
  `Jabatan` varchar(45) NOT NULL,
  `UraianKerja` longtext NOT NULL,
  `NamaPerusahaan` varchar(45) NOT NULL,
  `TglMasuk` date NOT NULL,
  `TglBerhenti` date NOT NULL,
  `IDPencakerTemp` varchar(45) DEFAULT NULL,
  `StatusPekerjaan` int(1) NOT NULL DEFAULT '0'
) ENGINE=MyISAM DEFAULT CHARSET=latin1;

-- --------------------------------------------------------

--
-- Table structure for table `msperusahaan`
--

CREATE TABLE `msperusahaan` (
  `IDPerusahaan` char(6) NOT NULL,
  `IDUser` char(6) NOT NULL,
  `IDBidangPerusahaan` char(6) NOT NULL,
  `IDKelurahan` char(6) NOT NULL,
  `NamaPerusahaan` varchar(50) NOT NULL,
  `Email` varchar(50) NOT NULL,
  `Telepon` varchar(50) NOT NULL,
  `Alamat` text NOT NULL,
  `KodePos` varchar(50) NOT NULL,
  `Kota` varchar(50) NOT NULL,
  `Propinsi` varchar(50) NOT NULL,
  `NamaPemberiKerja` varchar(50) NOT NULL,
  `JabatanPemberiKerja` varchar(50) NOT NULL,
  `TeleponPemberiKerja` varchar(50) NOT NULL,
  `EmailPemberiKerja` varchar(50) NOT NULL,
  `RegisterDate` datetime NOT NULL
) ENGINE=MyISAM DEFAULT CHARSET=latin1;

-- --------------------------------------------------------

--
-- Table structure for table `msperusahaantemp`
--

CREATE TABLE `msperusahaantemp` (
  `IDPerusahaanTemp` char(6) NOT NULL,
  `Username` varchar(20) NOT NULL,
  `Password` varchar(20) NOT NULL,
  `IDBidangPerusahaan` char(6) NOT NULL,
  `IDKelurahan` char(6) NOT NULL,
  `NamaPerusahaan` varchar(50) NOT NULL,
  `Email` varchar(50) NOT NULL,
  `Telepon` varchar(50) NOT NULL,
  `Alamat` text NOT NULL,
  `KodePos` varchar(50) NOT NULL,
  `Kota` varchar(50) NOT NULL,
  `Propinsi` varchar(50) NOT NULL,
  `NamaPemberiKerja` varchar(50) NOT NULL,
  `JabatanPemberiKerja` varchar(50) NOT NULL,
  `TeleponPemberiKerja` varchar(50) NOT NULL,
  `EmailPemberiKerja` varchar(50) NOT NULL,
  `RegisterDate` datetime NOT NULL
) ENGINE=MyISAM DEFAULT CHARSET=latin1;

-- --------------------------------------------------------

--
-- Table structure for table `msposisijabatan`
--

CREATE TABLE `msposisijabatan` (
  `IDPosisiJabatan` char(6) NOT NULL,
  `NamaPosisiJabatan` varchar(45) NOT NULL
) ENGINE=MyISAM DEFAULT CHARSET=latin1;

--
-- Dumping data for table `msposisijabatan`
--

INSERT INTO `msposisijabatan` (`IDPosisiJabatan`, `NamaPosisiJabatan`) VALUES
('000021', 'Distribution'),
('000020', 'Transportation'),
('000019', 'Warehousing'),
('000018', 'I T'),
('000017', 'EXIM'),
('000016', 'SECURITY'),
('000015', 'PPIC'),
('000014', 'KASIR'),
('000013', 'MAINTENANCE'),
('000012', 'ENGINERING'),
('000011', 'WAITRESS'),
('000010', 'DEBT COLLECTOR'),
('000009', 'DRIVER'),
('000008', 'Q A'),
('000007', 'Quality Control'),
('000006', 'Operator Produksi'),
('000005', 'Staff'),
('000004', 'Manajer'),
('000003', 'Sekertaris'),
('999999', 'Lainnya');

-- --------------------------------------------------------

--
-- Table structure for table `msresetpassword`
--

CREATE TABLE `msresetpassword` (
  `IDUser` char(6) NOT NULL,
  `ActivationCode` char(32) NOT NULL,
  `RegisterDate` datetime NOT NULL
) ENGINE=MyISAM DEFAULT CHARSET=latin1;

-- --------------------------------------------------------

--
-- Table structure for table `msstatushubungankerja`
--

CREATE TABLE `msstatushubungankerja` (
  `IDStatusHubunganKerja` char(6) NOT NULL,
  `NamaStatusHubunganKerja` varchar(45) NOT NULL
) ENGINE=MyISAM DEFAULT CHARSET=latin1;

--
-- Dumping data for table `msstatushubungankerja`
--

INSERT INTO `msstatushubungankerja` (`IDStatusHubunganKerja`, `NamaStatusHubunganKerja`) VALUES
('000001', 'Waktu tertentu'),
('000002', 'Waktu tidak tertentu');

-- --------------------------------------------------------

--
-- Table structure for table `msstatuspendidikan`
--

CREATE TABLE `msstatuspendidikan` (
  `IDStatusPendidikan` char(6) NOT NULL,
  `NamaStatusPendidikan` varchar(50) NOT NULL
) ENGINE=MyISAM DEFAULT CHARSET=latin1;

--
-- Dumping data for table `msstatuspendidikan`
--

INSERT INTO `msstatuspendidikan` (`IDStatusPendidikan`, `NamaStatusPendidikan`) VALUES
('000001', 'Tidak Tamat SD'),
('000002', 'SD'),
('000003', 'SMP / MTS'),
('000004', 'SMK / MAK'),
('000005', 'SMA / MA'),
('000006', 'D1'),
('000007', 'D2'),
('000008', 'D3'),
('000009', 'S1 / D4'),
('000010', 'S2'),
('000011', 'S3');

-- --------------------------------------------------------

--
-- Table structure for table `msstatuspernikahan`
--

CREATE TABLE `msstatuspernikahan` (
  `IDStatusPernikahan` char(6) NOT NULL,
  `NamaStatusPernikahan` varchar(50) NOT NULL
) ENGINE=MyISAM DEFAULT CHARSET=latin1;

--
-- Dumping data for table `msstatuspernikahan`
--

INSERT INTO `msstatuspernikahan` (`IDStatusPernikahan`, `NamaStatusPernikahan`) VALUES
('000001', 'Belum Menikah'),
('000002', 'Menikah'),
('000003', 'Duda'),
('000004', 'Janda');

-- --------------------------------------------------------

--
-- Table structure for table `mstingkatpendidikan`
--

CREATE TABLE `mstingkatpendidikan` (
  `IDTingkatPendidikan` char(6) CHARACTER SET latin1 NOT NULL,
  `NamaTingkatPendidikan` varchar(50) CHARACTER SET latin1 NOT NULL,
  `LevelTingkatPendidikan` tinyint(1) NOT NULL DEFAULT '0',
  `JenisTingkatPendidikan` tinyint(1) NOT NULL DEFAULT '0'
) ENGINE=MyISAM DEFAULT CHARSET=utf8;

--
-- Dumping data for table `mstingkatpendidikan`
--

INSERT INTO `mstingkatpendidikan` (`IDTingkatPendidikan`, `NamaTingkatPendidikan`, `LevelTingkatPendidikan`, `JenisTingkatPendidikan`) VALUES
('000001', 'PGSMTP', 0, 0),
('000002', 'SD', 1, 1),
('000003', 'SLTP', 2, 1),
('000004', 'SLTA', 3, 1),
('000005', 'DI/AKTA I', 4, 1),
('000006', 'DII/AKTA II', 4, 1),
('000007', 'DIII/AKADEMI/AKTA III', 4, 1),
('000008', 'SI', 5, 1),
('000009', 'SII', 6, 1),
('000010', 'AKTA IV', 7, 0),
('000011', 'PROFESI', 7, 0),
('000012', 'DIV', 4, 1);

-- --------------------------------------------------------

--
-- Table structure for table `msuser`
--

CREATE TABLE `msuser` (
  `IDUser` char(6) NOT NULL,
  `IDJenisUser` char(6) NOT NULL,
  `Username` varchar(20) NOT NULL,
  `Password` varchar(20) NOT NULL,
  `session_id` varchar(40) NOT NULL DEFAULT '0',
  `RegisterDate` datetime NOT NULL
) ENGINE=MyISAM DEFAULT CHARSET=latin1;

--
-- Dumping data for table `msuser`
--

INSERT INTO `msuser` (`IDUser`, `IDJenisUser`, `Username`, `Password`, `session_id`, `RegisterDate`) VALUES
('000000', '000000', 'admin', 'tobat', '901ac971f951002e87f0cf4a4145d2d0', '2018-08-20 14:10:06');

-- --------------------------------------------------------

--
-- Table structure for table `mswebstatistic`
--

CREATE TABLE `mswebstatistic` (
  `TotalVisited` decimal(18,0) NOT NULL
) ENGINE=MyISAM DEFAULT CHARSET=latin1;

-- --------------------------------------------------------

--
-- Table structure for table `trlowonganmasuk`
--

CREATE TABLE `trlowonganmasuk` (
  `IDLowonganMasuk` char(6) NOT NULL,
  `IDLowongan` char(6) NOT NULL,
  `IDPencaker` char(6) NOT NULL,
  `IDKelurahan` char(6) NOT NULL,
  `IDAgama` char(6) NOT NULL,
  `IDStatusPernikahan` char(6) NOT NULL,
  `IDStatusPendidikan` char(6) NOT NULL,
  `IDPosisiJabatan` char(6) NOT NULL,
  `StatusLowongan` tinyint(1) NOT NULL,
  `NomorIndukPencaker` varchar(50) NOT NULL,
  `NamaPencaker` varchar(50) NOT NULL,
  `TempatLahir` varchar(50) NOT NULL,
  `TglLahir` date NOT NULL,
  `JenisKelamin` tinyint(1) NOT NULL,
  `Email` varchar(50) NOT NULL,
  `Telepon` varchar(50) NOT NULL,
  `Alamat` text NOT NULL,
  `KodePos` varchar(50) NOT NULL,
  `Kewarganegaraan` tinyint(1) NOT NULL,
  `Jurusan` varchar(50) NOT NULL,
  `Keterampilan` varchar(50) NOT NULL,
  `NEMIPK` tinyint(1) NOT NULL,
  `Nilai` varchar(50) NOT NULL,
  `TahunLulus` varchar(4) NOT NULL,
  `TinggiBadan` varchar(50) NOT NULL,
  `BeratBadan` varchar(50) NOT NULL,
  `Keterangan` text NOT NULL,
  `Lokasi` tinyint(1) NOT NULL,
  `UpahYangDicari` varchar(50) NOT NULL,
  `RegisterDate` datetime NOT NULL
) ENGINE=MyISAM DEFAULT CHARSET=latin1;

--
-- Indexes for dumped tables
--

--
-- Indexes for table `ci_sessions`
--
ALTER TABLE `ci_sessions`
  ADD PRIMARY KEY (`session_id`),
  ADD KEY `last_activity_idx` (`last_activity`);

--
-- Indexes for table `msagama`
--
ALTER TABLE `msagama`
  ADD PRIMARY KEY (`IDAgama`);

--
-- Indexes for table `msaktivasi`
--
ALTER TABLE `msaktivasi`
  ADD PRIMARY KEY (`IDPencaker`,`IDAktivasi`),
  ADD KEY `FK_MsAktivasi_MsPencaker` (`IDPencaker`);

--
-- Indexes for table `msbahasa`
--
ALTER TABLE `msbahasa`
  ADD PRIMARY KEY (`IDBahasa`),
  ADD KEY `FK_MsBahasaMsPencaker` (`IDPencaker`);

--
-- Indexes for table `msberita`
--
ALTER TABLE `msberita`
  ADD PRIMARY KEY (`IDBerita`);

--
-- Indexes for table `msbidangperusahaan`
--
ALTER TABLE `msbidangperusahaan`
  ADD PRIMARY KEY (`IDBidangPerusahaan`);

--
-- Indexes for table `mschat`
--
ALTER TABLE `mschat`
  ADD PRIMARY KEY (`id`);

--
-- Indexes for table `msevent`
--
ALTER TABLE `msevent`
  ADD PRIMARY KEY (`IDEvent`);

--
-- Indexes for table `msjenislowongan`
--
ALTER TABLE `msjenislowongan`
  ADD PRIMARY KEY (`IDJenisLowongan`);

--
-- Indexes for table `msjenispengupahan`
--
ALTER TABLE `msjenispengupahan`
  ADD PRIMARY KEY (`IDJenisPengupahan`);

--
-- Indexes for table `msjenisuser`
--
ALTER TABLE `msjenisuser`
  ADD PRIMARY KEY (`IDJenisUser`);

--
-- Indexes for table `msjurusan`
--
ALTER TABLE `msjurusan`
  ADD PRIMARY KEY (`IDjurusan`);

--
-- Indexes for table `mskabupaten`
--
ALTER TABLE `mskabupaten`
  ADD PRIMARY KEY (`IDKabupaten`);

--
-- Indexes for table `mskeahlian`
--
ALTER TABLE `mskeahlian`
  ADD PRIMARY KEY (`IDKeahlian`),
  ADD KEY `FK_MsKeahlian_MsJenisLowongan` (`IDJenisLowongan`);

--
-- Indexes for table `mskecamatan`
--
ALTER TABLE `mskecamatan`
  ADD PRIMARY KEY (`IDKecamatan`),
  ADD KEY `FK_MsKecamatan_MsKabupaten` (`IDKabupaten`);

--
-- Indexes for table `mskelurahan`
--
ALTER TABLE `mskelurahan`
  ADD PRIMARY KEY (`IDKelurahan`),
  ADD KEY `FK_MsKelurahan_MsKecamatan` (`IDKecamatan`);

--
-- Indexes for table `mslowongan`
--
ALTER TABLE `mslowongan`
  ADD PRIMARY KEY (`IDLowongan`),
  ADD KEY `FK_MsLowongan_MsPosisiJabatan` (`IDPosisiJabatan`),
  ADD KEY `FK_MsLowongan_MsKeahlian` (`IDKeahlian`),
  ADD KEY `FK_MsLowongan_MsStatusPendidikan` (`IDStatusPendidikan`),
  ADD KEY `FK_MsLowongan_MsJenisPengupahan` (`IDJenisPengupahan`),
  ADD KEY `FK_MsLowongan_MsStatusHubunganKerja` (`IDStatusHubunganKerja`),
  ADD KEY `FK_MsLowongan_MsPerusahaan` (`IDPerusahaan`);

--
-- Indexes for table `mspencaker`
--
ALTER TABLE `mspencaker`
  ADD PRIMARY KEY (`IDPencaker`),
  ADD UNIQUE KEY `NomorIndukPencaker_UNIQUE` (`NomorIndukPencaker`),
  ADD KEY `FK_MsPencaker_MsUser` (`IDUser`),
  ADD KEY `FK_MsPencaker_MsKelurahan` (`IDKelurahan`),
  ADD KEY `FK_MsPencaker_MsStatusPernikahan` (`IDStatusPernikahan`),
  ADD KEY `FK_MsPencaker_MsAgama` (`IDAgama`),
  ADD KEY `FK_MsPencaker_MsStatusPendidikan` (`IDStatusPendidikan`),
  ADD KEY `FK_MsPencaker_MsPosisiJabatan` (`IDPosisiJabatan`);

--
-- Indexes for table `mspencakertemp`
--
ALTER TABLE `mspencakertemp`
  ADD PRIMARY KEY (`IDPencakerTemp`),
  ADD KEY `FK_MsPencakerTemp_MsKelurahan` (`IDKelurahan`),
  ADD KEY `FK_MsPencakerTemp_MsStatusPernikahan` (`IDStatusPernikahan`),
  ADD KEY `FK_MsPencakerTemp_MsAgama` (`IDAgama`),
  ADD KEY `FK_MsPencakerTemp_MsStatusPendidikan` (`IDStatusPendidikan`),
  ADD KEY `FK_MsPencakerTemp_MsPosisiJabatan` (`IDPosisiJabatan`);

--
-- Indexes for table `mspengalaman`
--
ALTER TABLE `mspengalaman`
  ADD PRIMARY KEY (`IDPengalaman`) USING BTREE,
  ADD KEY `FK_MsPengalamanMsPencaker` (`IDPencaker`);

--
-- Indexes for table `msperusahaan`
--
ALTER TABLE `msperusahaan`
  ADD PRIMARY KEY (`IDPerusahaan`),
  ADD KEY `FK_MsPerusahaan_MsUser` (`IDUser`),
  ADD KEY `FK_MsPerusahaan_MsBidangPerusahaan` (`IDBidangPerusahaan`),
  ADD KEY `FK_MsPerusahaan_MsKelurahan` (`IDKelurahan`);

--
-- Indexes for table `msperusahaantemp`
--
ALTER TABLE `msperusahaantemp`
  ADD PRIMARY KEY (`IDPerusahaanTemp`),
  ADD KEY `FK_MsPerusahaanTemp_MsBidangPerusahaan` (`IDBidangPerusahaan`),
  ADD KEY `FK_MsPerusahaanTemp_MsKelurahan` (`IDKelurahan`);

--
-- Indexes for table `msposisijabatan`
--
ALTER TABLE `msposisijabatan`
  ADD PRIMARY KEY (`IDPosisiJabatan`);

--
-- Indexes for table `msresetpassword`
--
ALTER TABLE `msresetpassword`
  ADD PRIMARY KEY (`IDUser`),
  ADD KEY `FK_MsResetPassword_MsUser` (`IDUser`);

--
-- Indexes for table `msstatushubungankerja`
--
ALTER TABLE `msstatushubungankerja`
  ADD PRIMARY KEY (`IDStatusHubunganKerja`);

--
-- Indexes for table `msstatuspendidikan`
--
ALTER TABLE `msstatuspendidikan`
  ADD PRIMARY KEY (`IDStatusPendidikan`);

--
-- Indexes for table `msstatuspernikahan`
--
ALTER TABLE `msstatuspernikahan`
  ADD PRIMARY KEY (`IDStatusPernikahan`);

--
-- Indexes for table `mstingkatpendidikan`
--
ALTER TABLE `mstingkatpendidikan`
  ADD PRIMARY KEY (`IDTingkatPendidikan`);

--
-- Indexes for table `msuser`
--
ALTER TABLE `msuser`
  ADD PRIMARY KEY (`IDUser`),
  ADD UNIQUE KEY `Username` (`Username`),
  ADD KEY `FK_MsUser_MsTypeUser` (`IDJenisUser`);

--
-- Indexes for table `mswebstatistic`
--
ALTER TABLE `mswebstatistic`
  ADD PRIMARY KEY (`TotalVisited`);

--
-- Indexes for table `trlowonganmasuk`
--
ALTER TABLE `trlowonganmasuk`
  ADD PRIMARY KEY (`IDLowonganMasuk`),
  ADD KEY `FK_TrLowonganMasuk_IDLowongan` (`IDLowongan`),
  ADD KEY `FK_TrLowonganMasuk_MsPencaker` (`IDPencaker`),
  ADD KEY `FK_TrLowonganMasuk_MsKelurahan` (`IDKelurahan`),
  ADD KEY `FK_TrLowonganMasuk_MsStatusPernikahan` (`IDStatusPernikahan`),
  ADD KEY `FK_TrLowonganMasuk_MsAgama` (`IDAgama`),
  ADD KEY `FK_TrLowonganMasuk_MsStatusPendidikan` (`IDStatusPendidikan`),
  ADD KEY `FK_TrLowonganMasuk_MsPosisiJabatan` (`IDPosisiJabatan`);

--
-- AUTO_INCREMENT for dumped tables
--

--
-- AUTO_INCREMENT for table `mschat`
--
ALTER TABLE `mschat`
  MODIFY `id` int(11) NOT NULL AUTO_INCREMENT;
COMMIT;

/*!40101 SET CHARACTER_SET_CLIENT=@OLD_CHARACTER_SET_CLIENT */;
/*!40101 SET CHARACTER_SET_RESULTS=@OLD_CHARACTER_SET_RESULTS */;
/*!40101 SET COLLATION_CONNECTION=@OLD_COLLATION_CONNECTION */;
